8 1
2000
562949953421312
15193
324 2000 282994089579
324 14000 282994089579
346 2000 107179912358
346 14000 107179912358
534 2000 107870282163
534 14000 107870282163
564 2000 379128085044
564 14000 379128085044
620 4000 829766975804
620 6000 28765412
620 10000 28765412
620 12000 829766975804
632 2000 395869552834
632 14000 395869552834
660 2000 465309249139
660 14000 465309249139
700 4000 858589915199
700 6000 615982459265
700 10000 615982459265
700 12000 858589915199
750 5875 210185384519
750 6000 6078848843414
750 10000 6078848843414
750 10125 210185384519
760 2000 764872214056
760 14000 764872214056
800 4000 142043587553
800 6000 303705183753
800 8000 3506601792588
800 10000 303705183753
800 12000 142043587553
860 4000 679784135487
860 6000 380422528429
860 10000 380422528429
860 12000 679784135487
875 5875 2835109790889
875 7875 10884318559345
875 8125 10884318559345
875 10125 2835109790889
914 2000 1577552537163
914 14000 1577552537163
920 3976 1208377283490
920 12024 1208377283490
928 4000 1627201632369
928 6000 907347282737
928 10000 907347282737
928 12000 1627201632369
960 2000 1554712802754
960 14000 1554712802754
1000 6000 3335873532716
1000 8000 8115606814759
1000 10000 3335873532716
1018 2000 11430280282845
1018 14000 11430280282845
1020 4000 10329830812337
1020 6000 5172940955161
1020 8000 1373253975941
1020 10000 5172940955161
1020 12000 10329830812337
1034 4000 885801991713
1034 12000 885801991713
1060 4000 1769360281554
1060 6000 1819268265433
1060 10000 1819268265433
1060 12000 1769360281554
1068 2000 4008632277613
1068 14000 4008632277613
1078 4000 3499139360905
1078 12000 3499139360905
1100 2000 3269361277191
1100 6000 1749569680455
1100 8000 6701685231558
1100 10000 1749569680455
1100 14000 3269361277191
1108 4000 2106778524156
1108 12000 2106778524156
1130 2000 1635083354319
1130 14000 1635083354319
1164 2000 9639403475679
1164 4000 9927345215531
1164 6000 3464563339794
1164 10000 3464563339794
1164 12000 9927345215531
1164 14000 9639403475679
1166 6000 1572691183115
1166 10000 1572691183115
1200 2000 8318783567925
1200 4000 10307048608743
1200 6000 5917533556171
1200 8000 68231549219
1200 10000 5917533556171
1200 12000 10307048608743
1200 14000 8318783567925
1212 4000 1004775721587
1212 12000 1004775721587
1236 2000 7911005135943
1236 14000 7911005135943
1240 4000 5542806578640
1240 6000 2969453127372
1240 10000 2969453127372
1240 12000 5542806578640
1250 6000 22706866988232
1250 6250 543729964285
1250 6500 1891210552286
1250 7500 1400665158307
1250 8000 22480052185781
1250 8500 1400665158307
1250 9500 1891210552286
1250 9750 543729964285
1250 10000 22706866988232
1264 4000 2277702581922
1264 6000 921614925390
1264 8000 2275392473079
1264 10000 921614925390
1264 12000 2277702581922
1278 2000 7803480038683
1278 14000 7803480038683
1300 4000 7920210066685
1300 6000 3884193120111
1300 10000 3884193120111
1300 12000 7920210066685
1318 2000 7689281366631
1318 14000 7689281366631
1320 6000 813313162098
1320 10000 813313162098
1340 2000 3828043042570
1340 4000 2106778524156
1340 12000 2106778524156
1340 14000 3828043042570
1346 6000 611408759301
1346 8000 7663478802806
1346 10000 611408759301
1358 2000 5515997217847
1358 14000 5515997217847
1364 4000 14926485572073
1364 6000 6924437917987
1364 10000 6924437917987
1364 12000 14926485572073
1370 6000 127632117856
1370 10000 127632117856
1400 2000 2977162256871
1400 6000 853153252978
1400 8000 17162310310682
1400 10000 853153252978
1400 14000 2977162256871
1402 5476 536359808324
1402 10524 536359808324
1404 5446 1663733701258
1404 10554 1663733701258
1406 4000 1064952956327
1406 12000 1064952956327
1414 4000 1041883098648
1414 12000 1041883098648
1426 2000 8668858590301
1426 14000 8668858590301
1430 6000 1053389262080
1430 8000 2170785442737
1430 10000 1053389262080
1438 4000 2077322745775
1438 12000 2077322745775
1450 5528 424174714874
1450 7528 2255253309340
1450 8472 2255253309340
1450 10472 424174714874
1460 2000 8159768389313
1460 4000 5397771388597
1460 5534 90093259666
1460 6000 2995888537855
1460 7534 1492300005413
1460 8000 705224280075
1460 8466 1492300005413
1460 10000 2995888537855
1460 10466 90093259666
1460 12000 5397771388597
1460 14000 8159768389313
1464 5376 57530819
1464 10624 57530819
1480 5380 99298190408
1480 10620 99298190408
1482 4000 3617537782606
1482 6000 2011421194726
1482 8000 4302085457515
1482 10000 2011421194726
1482 12000 3617537782606
1488 5404 495455397326
1488 10596 495455397326
1496 2000 9454326836898
1496 14000 9454326836898
1500 4000 8201478231750
1500 5240 43378236136
1500 6000 18045916033489
1500 6250 1000575971933
1500 6500 14824377715
1500 6750 1494204833928
1500 7000 1244190217454
1500 7750 416742656954
1500 8000 619362815083
1500 8250 416742656954
1500 9000 1244190217454
1500 9250 1494204833928
1500 9500 14824377715
1500 9750 1000575971933
1500 10000 18045916033489
1500 10760 43378236136
1500 12000 8201478231750
1508 5180 57530819
1508 10820 57530819
1528 4000 888045693580
1528 12000 888045693580
1532 2000 3343691092956
1532 14000 3343691092956
1538 4000 2846797425202
1538 6000 1694771577112
1538 8000 3053975718552
1538 10000 1694771577112
1538 12000 2846797425202
1542 5288 10470608725
1542 10712 10470608725
1550 5308 57530819
1550 10692 57530819
1552 5268 1025716939031
1552 10732 1025716939031
1560 4000 5169604167768
1560 6000 2374728305051
1560 8000 18442077404135
1560 10000 2374728305051
1560 12000 5169604167768
1564 2000 11597177183407
1564 14000 11597177183407
1568 6000 261736452643
1568 10000 261736452643
1572 5214 508745016089
1572 7214 4304422311619
1572 8786 4304422311619
1572 10786 508745016089
1574 4000 5142334560435
1574 12000 5142334560435
1576 6000 2447533554156
1576 8000 454294258120
1576 10000 2447533554156
1578 5336 337130588523
1578 10664 337130588523
1590 5428 497584037560
1590 10572 497584037560
1592 5368 724543111234
1592 10632 724543111234
1600 4000 5314869481081
1600 6000 2621966991766
1600 8000 4876942745778
1600 10000 2621966991766
1600 12000 5314869481081
1610 2000 10364291771811
1610 14000 10364291771811
1616 4000 9060585924298
1616 6000 4338801637256
1616 8000 1202285060728
1616 10000 4338801637256
1616 12000 9060585924298
1618 5014 89057704958
1618 10986 89057704958
1620 2000 8380341542280
1620 4618 1800426922815
1620 5010 77781664795
1620 5414 415487561482
1620 10586 415487561482
1620 10990 77781664795
1620 11382 1800426922815
1620 14000 8380341542280
1622 5432 87216718808
1622 10568 87216718808
1626 4712 114313733685
1626 11288 114313733685
1632 4850 57530819
1632 5050 1121333157138
1632 10950 1121333157138
1632 11150 57530819
1638 4674 250028931353
1638 11326 250028931353
1640 4000 9631291630459
1640 5020 525198829795
1640 5106 495282804874
1640 6000 5114460879527
1640 8000 404901891535
1640 10000 5114460879527
1640 10894 495282804874
1640 10980 525198829795
1640 12000 9631291630459
1658 4722 441491490837
1658 11278 441491490837
1660 4860 659015510494
1660 4940 152801850361
1660 5440 531527219683
1660 10560 531527219683
1660 11060 152801850361
1660 11140 659015510494
1662 4898 1194915072279
1662 5094 569382497369
1662 10906 569382497369
1662 11102 1194915072279
1664 4660 1538834297221
1664 11340 1538834297221
1666 5002 1013290282524
1666 10998 1013290282524
1668 5074 74272284947
1668 5116 64894761753
1668 10884 64894761753
1668 10926 74272284947
1672 4566 955471811284
1672 11434 955471811284
1678 4920 78241911331
1678 11080 78241911331
1680 2000 22102246864792
1680 4000 11741924719366
1680 6000 6009381505756
1680 8000 1663733702922
1680 10000 6009381505756
1680 12000 11741924719366
1680 14000 22102246864792
1684 3304 822805746929
1684 4526 613336041673
1684 11474 613336041673
1684 12696 822805746929
1686 4848 1141699066410
1686 11152 1141699066410
1688 3266 458520612715
1688 12734 458520612715
1690 4000 7236283712367
1690 4770 756012468216
1690 4808 282936558764
1690 6000 3670005887847
1690 8000 11361169366359
1690 10000 3670005887847
1690 11192 282936558764
1690 11230 756012468216
1690 12000 7236283712367
1692 5366 497584037560
1692 7366 471910091447
1692 8634 471910091447
1692 10634 497584037560
1696 2982 1444253633822
1696 13018 1444253633822
1700 2000 3681684643731
1700 4726 659360695397
1700 5018 470717145952
1700 10982 470717145952
1700 11274 659360695397
1700 14000 3681684643731
1702 2000 4727825022847
1702 3126 488896884171
1702 12874 488896884171
1702 14000 4727825022847
1704 4648 294327660559
1704 11352 294327660559
1708 5042 47060208432
1708 10958 47060208432
1712 5268 89000174139
1712 10732 89000174139
1714 4000 7606436989930
1714 6000 3948311215829
1714 8000 8448871127755
1714 10000 3948311215829
1714 12000 7606436989930
1720 3026 413704106150
1720 4580 1180992614528
1720 4622 1476988668782
1720 4944 912956537408
1720 5378 717581882354
1720 10622 717581882354
1720 11056 912956537408
1720 11378 1476988668782
1720 11420 1180992614528
1720 12974 413704106150
1722 3280 624094304481
1722 4900 949718729572
1722 11100 949718729572
1722 12720 624094304481
1724 2948 620469863000
1724 4980 187492933104
1724 5060 328616027582
1724 10940 328616027582
1724 11020 187492933104
1724 13052 620469863000
1726 4504 448855435433
1726 11496 448855435433
1728 5124 374755742939
1728 10876 374755742939
1738 4000 1202624201778
1738 4806 823438585920
1738 5024 534806476259
1738 10976 534806476259
1738 11194 823438585920
1738 12000 1202624201778
1746 3160 717639413173
1746 5478 1026522370469
1746 7478 2316231530593
1746 8522 2316231530593
1746 10522 1026522370469
1746 12840 717639413173
1748 4454 628639239038
1748 4738 57530819
1748 6000 656023908004
1748 10000 656023908004
1748 11262 57530819
1748 11546 628639239038
1750 3274 624094304481
1750 6000 14718914384352
1750 6500 2492696031093
1750 6750 16621247445952
1750 7000 2314621587595
1750 9000 2314621587595
1750 9250 16621247445952
1750 9500 2492696031093
1750 10000 14718914384352
1750 12726 624094304481
1752 3208 469336406338
1752 4000 554769669813
1752 12000 554769669813
1752 12792 469336406338
1756 4746 123691256882
1756 4940 880163971630
1756 5188 701588315188
1756 5440 766252953667
1756 10560 766252953667
1756 10812 701588315188
1756 11060 880163971630
1756 11254 123691256882
1758 4848 241341777960
1758 11152 241341777960
1760 2000 14095567979924
1760 3134 1972271473652
1760 4000 9593033637052
1760 4440 351858477711
1760 4942 146588522110
1760 5102 1257451070523
1760 6000 4671818772350
1760 8000 6365994058128
1760 10000 4671818772350
1760 10898 1257451070523
1760 11058 146588522110
1760 11560 351858477711
1760 12000 9593033637052
1760 12866 1972271473652
1760 14000 14095567979924
1764 4634 895754823079
1764 5502 945461449099
1764 7502 2116238287877
1764 8498 2116238287877
1764 10498 945461449099
1764 11366 895754823079
1766 3002 1110517363515
1766 4914 477160597474
1766 5004 445403586403
1766 10996 445403586403
1766 11086 477160597474
1766 12998 1110517363515
1768 2900 1532966153872
1768 13100 1532966153872
1770 3124 598550621666
1770 12876 598550621666
1772 5352 512426988385
1772 10648 512426988385
1774 2856 814751432527
1774 4502 254746458357
1774 11498 254746458357
1774 13144 814751432527
1776 4404 1084973680696
1776 11596 1084973680696
1778 5268 270912617978
1778 10732 270912617978
1780 2888 412495958991
1780 3194 1101139840318
1780 12806 1101139840318
1780 13112 412495958991
1782 5080 1047060872192
1782 7080 2574789666766
1782 8920 2574789666766
1782 10920 1047060872192
1786 2000 8515826616674
1786 2950 336670341983
1786 4000 5893629501643
1786 5254 549994611987
1786 6000 3020051481060
1786 8000 3518929965536
1786 10000 3020051481060
1786 10746 549994611987
1786 12000 5893629501643
1786 13050 336670341983
1786 14000 8515826616674
1788 5290 605281727271
1788 5398 540041780621
1788 7290 4179038562204
1788 7398 1749988279042
1788 8602 1749988279042
1788 8710 4179038562204
1788 10602 540041780621
1788 10710 605281727271
1790 2982 567023733865
1790 3080 1110920079232
1790 5218 210102544247
1790 5528 346450580898
1790 7528 2012711044589
1790 8472 2012711044589
1790 10472 346450580898
1790 10782 210102544247
1790 12920 1110920079232
1790 13018 567023733865
1792 3186 210332667517
1792 12814 210332667517
1794 4998 12081471605
1794 5032 956622427628
1794 5492 80370551565
1794 10508 80370551565
1794 10968 956622427628
1794 11002 12081471605
1798 4624 938787874312
1798 4754 57530819
1798 11246 57530819
1798 11376 938787874312
1800 2840 578472366478
1800 2966 1183811624568
1800 4000 1487919524038
1800 4894 87159187989
1800 6000 1657980619546
1800 8000 9542128157733
1800 10000 1657980619546
1800 11106 87159187989
1800 12000 1487919524038
1800 13034 1183811624568
1800 13160 578472366478
1802 3520 1005868807113
1802 4000 2099932356918
1802 4466 57530819
1802 4680 428144341259
1802 11320 428144341259
1802 11534 57530819
1802 12000 2099932356918
1802 12480 1005868807113
1804 4946 891670135062
1804 5044 26061460174
1804 10956 26061460174
1804 11054 891670135062
1806 3480 57530819
1806 4982 651881689168
1806 5234 630019978649
1806 5444 406052507470
1806 7234 3958374676978
1806 7444 3403704740885
1806 8556 3403704740885
1806 8766 3958374676978
1806 10556 406052507470
1806 10766 630019978649
1806 11018 651881689168
1806 12520 57530819
1808 2000 5759295043589
1808 2840 338741451403
1808 5478 2416294323
1808 5506 294730376281
1808 10494 294730376281
1808 10522 2416294323
1808 13160 338741451403
1808 14000 5759295043589
1810 4820 33770589673
1810 11180 33770589673
1812 4420 1011852012095
1812 11580 1011852012095
1814 4470 411517935102
1814 5148 57530819
1814 5494 117075212910
1814 7148 1889637139013
1814 8852 1889637139013
1814 10506 117075212910
1814 10852 57530819
1814 11530 411517935102
1816 2896 483661579809
1816 4510 14555296742
1816 4560 512599580841
1816 11440 512599580841
1816 11490 14555296742
1816 13104 483661579809
1818 3046 1602175726907
1818 12954 1602175726907
1824 2934 202968722921
1824 4890 213381800822
1824 11110 213381800822
1824 13066 202968722921
1828 3188 354044648764
1828 4000 7444545270464
1828 5112 167989986089
1828 5486 335922441360
1828 6000 3535297479484
1828 7112 5232355351084
1828 8888 5232355351084
1828 10000 3535297479484
1828 10514 335922441360
1828 10888 167989986089
1828 12000 7444545270464
1828 12812 354044648764
1830 3096 71683398177
1830 3130 2359511403911
1830 5370 324071093029
1830 5430 741974948829
1830 10570 741974948829
1830 10630 324071093029
1830 12870 2359511403911
1830 12904 71683398177
1834 5316 592509885866
1834 10684 592509885866
1838 4616 255264235711
1838 4746 1137556847574
1838 5400 540559557975
1838 10600 540559557975
1838 11254 1137556847574
1838 11384 255264235711
1840 2000 4747040315778
1840 4984 534461291356
1840 11016 534461291356
1840 14000 4747040315778
1842 2762 465079125869
1842 13238 465079125869
1844 2850 556898310047
1844 2904 443677661890
1844 13096 443677661890
1844 13150 556898310047
1846 5562 753826297164
1846 10438 753826297164
1850 5202 409734479770
1850 7202 1317081763237
1850 8798 1317081763237
1850 10798 409734479770
1852 5042 729835946410
1852 10958 729835946410
1854 2822 759579378880
1854 5350 155735922038
1854 10650 155735922038
1854 13178 759579378880
1856 4906 467898135909
1856 5096 56207608360
1856 10904 56207608360
1856 11094 467898135909
1858 4824 366643897722
1858 5256 892418035685
1858 10744 892418035685
1858 11176 366643897722
1860 2000 1307560412264
1860 2962 2251986306655
1860 4860 508169707917
1860 5020 423369283432
1860 5430 221608707675
1860 5520 678230803421
1860 10480 678230803421
1860 10570 221608707675
1860 10980 423369283432
1860 11140 508169707917
1860 13038 2251986306655
1860 14000 1307560412264
1862 5280 57530819
1862 5454 81693760361
1862 7280 4069368391191
1862 8720 4069368391191
1862 10546 81693760361
1862 10720 57530819
1864 5486 438384826709
1864 10514 438384826709
1866 4000 4116445028958
1866 5504 92509553984
1866 6000 2930188344664
1866 8000 11763222839253
1866 10000 2930188344664
1866 10496 92509553984
1866 12000 4116445028958
1868 2000 5694170158571
1868 14000 5694170158571
1872 2890 747958153815
1872 4528 486480589853
1872 11472 486480589853
1872 13110 747958153815
1875 5750 2467339894295
1875 5875 12282420848657
1875 6000 43748855164561
1875 6125 7330433485737
1875 6250 9600112999330
1875 6375 4609030639439
1875 6500 6445180856612
1875 6875 9045469634546
1875 7000 6532531339269
1875 7500 1166083386172
1875 7750 11381779962030
1875 7875 8539879287843
1875 8000 26322301971858
1875 8125 8539879287843
1875 8250 11381779962030
1875 8500 1166083386172
1875 9000 6532531339269
1875 9125 9045469634546
1875 9500 6445180856612
1875 9625 4609030639439
1875 9750 9600112999330
1875 9875 7330433485737
1875 10000 43748855164561
1875 10125 12282420848657
1875 10250 2467339894295
1876 4000 2033311670653
1876 12000 2033311670653
1880 2916 1190657791806
1880 4618 57530819
1880 11382 57530819
1880 13084 1190657791806
1888 4566 197503295289
1888 5588 535266722798
1888 10412 535266722798
1888 11434 197503295289
1890 5402 57530819
1890 10598 57530819
1892 2840 466057149763
1892 13160 466057149763
1896 4598 57530819
1896 5506 467207766104
1896 7506 5979478847227
1896 8494 5979478847227
1896 10494 467207766104
1896 11402 57530819
1898 5292 280750387712
1898 10708 280750387712
1900 2000 12538381352037
1900 4000 12147344387845
1900 6000 6085322184397
1900 8000 6085322190482
1900 10000 6085322184397
1900 12000 12147344387845
1900 14000 12538381352037
1902 5496 448912966252
1902 7496 393769678397
1902 8504 393769678397
1902 10504 448912966252
1904 3620 336670341983
1904 12380 336670341983
1906 2888 867852376760
1906 3520 911058020444
1906 4868 552065721407
1906 11132 552065721407
1906 12480 911058020444
1906 13112 867852376760
1908 3676 911115551258
1908 5574 289264948649
1908 10426 289264948649
1908 12324 911115551258
1910 3648 900644942538
1910 4520 737372483458
1910 11480 737372483458
1910 12352 900644942538
1914 2862 1001841649910
1914 13138 1001841649910
1916 4638 398458439608
1916 11362 398458439608
1918 3620 1229433562571
1918 4912 852721771850
1918 4976 934127878122
1918 5132 847601529125
1918 10868 847601529125
1918 11024 934127878122
1918 11088 852721771850
1918 12380 1229433562571
1920 3496 79104873587
1920 5656 1025774469845
1920 10344 1025774469845
1920 12504 79104873587
1922 2000 11445756072661
1922 4000 18672029422839
1922 5282 176562077845
1922 6000 9561046502716
1922 8000 9561046512277
1922 10000 9561046502716
1922 10718 176562077845
1922 12000 18672029422839
1922 14000 11445756072661
1924 2832 976413028728
1924 4552 351570823627
1924 5348 401967819453
1924 10652 401967819453
1924 11448 351570823627
1924 13168 976413028728
1928 5374 427051255732
1928 6000 356230819817
1928 8000 2247153720262
1928 10000 356230819817
1928 10626 427051255732
1930 2000 8176855042006
1930 5098 696640664914
1930 5748 598262967582
1930 10252 598262967582
1930 10902 696640664914
1930 14000 8176855042006
1932 2938 681510060000
1932 3450 600449138631
1932 12550 600449138631
1932 13062 681510060000
1934 4594 351858477711
1934 5738 1034806808140
1934 6000 1890922898198
1934 10000 1890922898198
1934 10262 1034806808140
1934 11406 351858477711
1936 4812 154527774878
1936 5044 152801850361
1936 10956 152801850361
1936 11188 154527774878
1938 3218 508745016089
1938 3256 57530819
1938 4000 4161146473885
1938 4916 1048556673439
1938 11084 1048556673439
1938 12000 4161146473885
1938 12744 57530819
1938 12782 508745016089
1940 3688 15475789817
1940 4742 57530819
1940 5114 995513260026
1940 5870 1081521831670
1940 7870 4463212033818
1940 8130 4463212033818
1940 10130 1081521831670
1940 10886 995513260026
1940 11258 57530819
1940 12312 15475789817
1942 4966 102404854536
1942 5008 604476295833
1942 5164 57530819
1942 10836 57530819
1942 10992 604476295833
1942 11034 102404854536
1944 4560 125647304665
1944 5286 588597790300
1944 5344 47060208432
1944 5440 587677297225
1944 7440 1266654948383
1944 8560 1266654948383
1944 10560 587677297225
1944 10656 47060208432
1944 10714 588597790300
1944 11440 125647304665
1946 5396 452019630375
1946 10604 452019630375
1948 5066 548096095022
1948 10934 548096095022
1950 4258 864342996915
1950 4686 57530819
1950 5720 57530819
1950 10280 57530819
1950 11314 57530819
1950 11742 864342996915
1952 4650 504372673988
1952 5700 114141141233
1952 10300 114141141233
1952 11350 504372673988
1954 3608 63398960505
1954 5776 427051255732
1954 7776 6944165872782
1954 8224 6944165872782
1954 10224 427051255732
1954 12392 63398960505
1956 3282 57530819
1956 4000 1187493596864
1956 4776 436831494647
1956 11224 436831494647
1956 12000 1187493596864
1956 12718 57530819
1958 3180 336957996071
1958 3238 433839892156
1958 5374 703084116435
1958 7374 4399208999678
1958 8626 4399208999678
1958 10626 703084116435
1958 12762 433839892156
1958 12820 336957996071
1960 2000 13588606419171
1960 2880 928719981309
1960 3120 175526523137
1960 3402 201357860040
1960 4000 18284847023398
1960 4936 597342474507
1960 5190 267460768948
1960 5302 648544901770
1960 5796 404901891129
1960 6000 9495317544118
1960 7190 1602903639551
1960 7302 1678436655125
1960 8000 9495317553614
1960 8698 1678436655125
1960 8810 1602903639551
1960 10000 9495317544118
1960 10204 404901891129
1960 10698 648544901770
1960 10810 267460768948
1960 11064 597342474507
1960 12000 18284847023398
1960 12598 201357860040
1960 12880 175526523137
1960 13120 928719981309
1960 14000 13588606419171
1962 3392 1596422645191
1962 5830 1415258101976
1962 5896 682200429806
1962 5900 57530819
1962 7830 559717320648
1962 8170 559717320648
1962 10100 57530819
1962 10104 682200429806
1962 10170 1415258101976
1962 12608 1596422645191
1964 3336 745656921125
1964 3350 864688181817
1964 4864 57530819
1964 5056 584340509827
1964 5400 545737331518
1964 10600 545737331518
1964 10944 584340509827
1964 11136 57530819
1964 12650 864688181817
1964 12664 745656921125
1966 3208 57530819
1966 4238 341445399806
1966 4560 223507224644
1966 5844 317339987419
1966 5860 565182747719
1966 10140 565182747719
1966 10156 317339987419
1966 11440 223507224644
1966 11762 341445399806
1966 12792 57530819
1968 3370 36417007261
1968 5354 638937255307
1968 7354 1160127655200
1968 8646 1160127655200
1968 10646 638937255307
1968 12630 36417007261
1970 2840 1749109433915
1970 3778 1021517189377
1970 3890 57530819
1970 12110 57530819
1970 12222 1021517189377
1970 13160 1749109433915
1972 3646 1662928269820
1972 5872 535094130347
1972 7872 148693651999
1972 8128 148693651999
1972 10128 535094130347
1972 12354 1662928269820
1974 2000 10780757357186
1974 3234 57530819
1974 3870 4962263102746
1974 4180 774940107059
1974 5936 559717320087
1974 7936 3821196717889
1974 8064 3821196717889
1974 10064 559717320087
1974 11820 774940107059
1974 12130 4962263102746
1974 12766 57530819
1974 14000 10780757357186
1976 3290 894374083468
1976 4146 1013923121515
1976 5860 57530819
1976 10140 57530819
1976 11854 1013923121515
1976 12710 894374083468
1978 3442 663330321781
1978 4202 57530819
1978 4684 683408576969
1978 4848 154700367330
1978 5856 774422329705
1978 10144 774422329705
1978 11152 154700367330
1978 11316 683408576969
1978 11798 57530819
1978 12558 663330321781
1980 2968 1022092497549
1980 3460 1169659043548
1980 3912 1555115518475
1980 3936 57530819
1980 4000 15189286344826
1980 4140 38085400960
1980 6000 7412414309083
1980 8000 7412414316496
1980 10000 7412414309083
1980 11860 38085400960
1980 12000 15189286344826
1980 12064 57530819
1980 12088 1555115518475
1980 12540 1169659043548
1980 13032 1022092497549
1982 5928 1107583291839
1982 10072 1107583291839
1984 4100 1439593637632
1984 11900 1439593637632
1986 4714 253998557733
1986 5960 1304511278955
1986 10040 1304511278955
1986 11286 253998557733
1988 2000 15189286344826
1988 3460 101254238191
1988 3980 57530819
1988 4220 270682494709
1988 11780 270682494709
1988 12020 57530819
1988 12540 101254238191
1988 14000 15189286344826
1990 2832 1052238645736
1990 3580 1639973473774
1990 3974 1495973838439
1990 12026 1495973838439
1990 12420 1639973473774
1990 13168 1052238645736
1992 2716 716086081111
1992 3926 714302625779
1992 5956 1436774627588
1992 10044 1436774627588
1992 12074 714302625779
1992 13284 716086081111
1994 3716 125877427935
1994 5976 1018813240970
1994 10024 1018813240970
1994 12284 125877427935
1996 3992 2126108878720
1996 6000 666839701626
1996 10000 666839701626
1996 12008 2126108878720
1998 1998 7292088605006
1998 2584 775170230325
1998 3190 1265562915743
1998 3396 1403119099557
1998 3668 1276954017538
1998 3998 7288924410063
1998 4000 56667854900
1998 4170 57530819
1998 4848 773616898263
1998 5152 40386633645
1998 5366 640375525736
1998 5930 57530819
1998 7152 3365116986287
1998 8848 3365116986287
1998 10070 57530819
1998 10634 640375525736
1998 10848 40386633645
1998 11152 773616898263
1998 11830 57530819
1998 12000 56667854900
1998 12002 7288924410063
1998 12332 1276954017538
1998 12604 1403119099557
1998 12810 1265562915743
1998 13416 775170230325
1998 14002 7292088605006
2000 324 282994089579
2000 346 107179912358
2000 534 107870282163
2000 564 379128085044
2000 632 395869552834
2000 660 465309249139
2000 760 764872214056
2000 914 1577552537163
2000 960 1554712802754
2000 1018 11430280282845
2000 1068 4008632277613
2000 1100 3269361277191
2000 1130 1635083354319
2000 1164 9639403475679
2000 1200 8318783567925
2000 1236 7911005135943
2000 1278 7803480038683
2000 1318 7689281366631
2000 1340 3828043042570
2000 1358 5515997217847
2000 1400 2977162256871
2000 1426 8668858590301
2000 1460 8159768389313
2000 1496 9454326836898
2000 1532 3343691092956
2000 1564 11597177183407
2000 1610 10364291771811
2000 1620 8380341542280
2000 1680 22102246864792
2000 1700 3681684643731
2000 1702 4727825022847
2000 1760 14095567979924
2000 1786 8515826616674
2000 1808 5759295043589
2000 1840 4747040315778
2000 1860 1307560412264
2000 1868 5694170158571
2000 1900 12538381352037
2000 1922 11445756072661
2000 1930 8176855042006
2000 1960 13588606419171
2000 1974 10780757357186
2000 1988 15189286344826
2000 2000 4055807547678
2000 2088 545679800704
2000 2112 674663892758
2000 2136 57530819
2000 2160 936774295711
2000 2184 358762175772
2000 2232 1593028326979
2000 2256 249683746450
2000 2280 1226614552527
2000 2304 421585828101
2000 2328 1314291517870
2000 2352 1004545598317
2000 2376 1603383874067
2000 2400 2665863005256
2000 2424 2161547862087
2000 2448 1595272028847
2000 2472 1747671163486
2000 2496 3544876360540
2000 2520 2777185136445
2000 2544 3515363051341
2000 2568 3778969255537
2000 2592 4557073557537
2000 2616 3778969255537
2000 2640 3869292638467
2000 2664 3773733951175
2000 2688 4847891838247
2000 2712 3561732889967
2000 2736 5873493715637
2000 2760 3739790769055
2000 2784 4067773957645
2000 2808 5201763894556
2000 2832 3231275876236
2000 2856 2862503338284
2000 2880 4693709248276
2000 2904 2669372385101
2000 2928 2716432593533
2000 2952 4292892045169
2000 2976 2888622329272
2000 3000 2654874619178
2000 3024 3016283212534
2000 3048 3262227455865
2000 3072 2874929994791
2000 3096 3588887435663
2000 3120 4060467543867
2000 3144 4240021224203
2000 3168 4245256528565
2000 3192 2726673078987
2000 3216 3957544911982
2000 3240 3164712720789
2000 3264 3738870275980
2000 3288 3941436283179
2000 3312 1969682586882
2000 3336 2453114043421
2000 3360 1850421202924
2000 3384 2250548036226
2000 3408 1614084606056
2000 3432 2975723986442
2000 3456 1119031924452
2000 3480 2574504067613
2000 3504 2773733287415
2000 3528 2372225714502
2000 3552 2763205147876
2000 3576 3590383236906
2000 3600 3500922816236
2000 3624 4533428391686
2000 3648 3732944601813
2000 3672 1524969370285
2000 3696 2537971998724
2000 3720 1660972222037
2000 3744 3070074526575
2000 3768 3028939992311
2000 3792 3984469334408
2000 3816 3092338952812
2000 3840 5117596309062
2000 3864 3845014633630
2000 3888 1550110337383
2000 3912 1400300089513
2000 3936 5571456925583
2000 3960 4102062324672
2000 3984 2282995417098
2000 4032 647221692978
2000 4056 871074102520
2000 4080 1022955459806
2000 4104 1725176613980
2000 4128 1363480366536
2000 4152 1000863626021
2000 4176 2467151562808
2000 4200 1072892209096
2000 4224 1900703137116
2000 4248 3050398987109
2000 4272 989817709124
2000 4296 2006157124957
2000 4320 1498160009492
2000 4344 1764700285364
2000 4368 2078876077837
2000 4392 3060754534196
2000 4416 1891210552286
2000 4440 1727650439117
2000 4464 3150962855490
2000 4488 2200035978764
2000 4512 2068635592387
2000 4536 2267634688919
2000 4560 2517491027815
2000 4584 3117019673370
2000 4608 3095100432037
2000 4632 3081638220822
2000 4656 3705617463666
2000 4680 2872456169650
2000 4704 3016225681719
2000 4728 2410368646276
2000 4752 3640147393745
2000 4776 2506445110923
2000 4800 3103672523792
2000 4824 3025373081643
2000 4848 2714994323104
2000 4872 3189393441348
2000 4896 4679499136438
2000 4920 3275344482177
2000 4944 2858648773536
2000 4968 3440745581492
2000 4992 4773101775947
2000 5016 3463757908352
2000 5040 2804339682141
2000 5064 2751066145458
2000 5088 2577783324192
2000 5112 4367969761553
2000 5136 3918308894682
2000 5160 3639744678024
2000 5184 2873721847628
2000 5208 2917042552945
2000 5232 3552873144124
2000 5256 3941896529715
2000 5280 3527904769481
2000 5304 3046486891539
2000 5328 2591935905213
2000 5352 3086413278644
2000 5376 2672363987592
2000 5400 2890405784603
2000 5424 2251238406031
2000 5448 2449432071125
2000 5472 3092338952812
2000 5496 1599701901766
2000 5500 402819591901
2000 5520 3090843151564
2000 5544 3246291419513
2000 5568 1303360662610
2000 5592 3855945488889
2000 5616 1338109276172
2000 5640 2499138697145
2000 5664 1598436223793
2000 5688 1866472300909
2000 5712 1449258814914
2000 5736 1385342077055
2000 5750 5405188044031
2000 5760 2413245187134
2000 5784 1315039418493
2000 5808 1242377996428
2000 5832 1149465726727
2000 5856 1648545565530
2000 5875 6519838189907
2000 5880 790991205044
2000 5904 1587275245263
2000 5928 3106779187916
2000 5952 1333679403252
2000 5976 2038086728475
2000 6000 3921270212695
2000 6125 8042679322384
2000 6250 10953408663590
2000 6375 14440222405733
2000 6500 11880947607116
2000 6625 14551976605159
2000 6750 16574499045658
2000 6875 15866362172492
2000 7000 5863631808668
2000 7016 5191044794699
2000 7064 2424524523905
2000 7088 1282633623130
2000 7112 1282633623130
2000 7125 929870598585
2000 7136 376400695473
2000 7208 929870598585
2000 7232 1282633623130
2000 7250 2965294210365
2000 7256 3144667801094
2000 7280 2116802307020
2000 7304 621592747102
2000 7328 817912031014
2000 7352 1132261935524
2000 7400 4433457303532
2000 7448 1122023528070
2000 7472 2354475299442
2000 7496 5223992576900
2000 7520 685073088714
2000 7568 1888152900406
2000 7640 1305239217654
2000 7664 2363121489106
2000 7750 8067354627397
2000 7784 1614394680759
2000 7808 214886554889
2000 7832 2819373181489
2000 7856 3013710401828
2000 7904 3404364015060
2000 7952 148693651999
2000 7976 4072788960540
2000 8000 666839702294
2000 8024 4072788960540
2000 8048 148693651999
2000 8096 3404364015060
2000 8144 3013710401828
2000 8168 2819373181489
2000 8192 214886554889
2000 8216 1614394680759
2000 8250 8067354627397
2000 8336 2363121489106
2000 8360 1305239217654
2000 8432 1888152900406
2000 8480 685073088714
2000 8504 5223992576900
2000 8528 2354475299442
2000 8552 1122023528070
2000 8600 4433457303532
2000 8648 1132261935524
2000 8672 817912031014
2000 8696 621592747102
2000 8720 2116802307020
2000 8744 3144667801094
2000 8750 2965294210365
2000 8768 1282633623130
2000 8792 929870598585
2000 8864 376400695473
2000 8875 929870598585
2000 8888 1282633623130
2000 8912 1282633623130
2000 8936 2424524523905
2000 8984 5191044794699
2000 9000 5863631808668
2000 9125 15866362172492
2000 9250 16574499045658
2000 9375 14551976605159
2000 9500 11880947607116
2000 9625 14440222405733
2000 9750 10953408663590
2000 9875 8042679322384
2000 10000 3921270212695
2000 10024 2038086728475
2000 10048 1333679403252
2000 10072 3106779187916
2000 10096 1587275245263
2000 10120 790991205044
2000 10125 6519838189907
2000 10144 1648545565530
2000 10168 1149465726727
2000 10192 1242377996428
2000 10216 1315039418493
2000 10240 2413245187134
2000 10250 5405188044031
2000 10264 1385342077055
2000 10288 1449258814914
2000 10312 1866472300909
2000 10336 1598436223793
2000 10360 2499138697145
2000 10384 1338109276172
2000 10408 3855945488889
2000 10432 1303360662610
2000 10456 3246291419513
2000 10480 3090843151564
2000 10500 402819591901
2000 10504 1599701901766
2000 10528 3092338952812
2000 10552 2449432071125
2000 10576 2251238406031
2000 10600 2890405784603
2000 10624 2672363987592
2000 10648 3086413278644
2000 10672 2591935905213
2000 10696 3046486891539
2000 10720 3527904769481
2000 10744 3941896529715
2000 10768 3552873144124
2000 10792 2917042552945
2000 10816 2873721847628
2000 10840 3639744678024
2000 10864 3918308894682
2000 10888 4367969761553
2000 10912 2577783324192
2000 10936 2751066145458
2000 10960 2804339682141
2000 10984 3463757908352
2000 11008 4773101775947
2000 11032 3440745581492
2000 11056 2858648773536
2000 11080 3275344482177
2000 11104 4679499136438
2000 11128 3189393441348
2000 11152 2714994323104
2000 11176 3025373081643
2000 11200 3103672523792
2000 11224 2506445110923
2000 11248 3640147393745
2000 11272 2410368646276
2000 11296 3016225681719
2000 11320 2872456169650
2000 11344 3705617463666
2000 11368 3081638220822
2000 11392 3095100432037
2000 11416 3117019673370
2000 11440 2517491027815
2000 11464 2267634688919
2000 11488 2068635592387
2000 11512 2200035978764
2000 11536 3150962855490
2000 11560 1727650439117
2000 11584 1891210552286
2000 11608 3060754534196
2000 11632 2078876077837
2000 11656 1764700285364
2000 11680 1498160009492
2000 11704 2006157124957
2000 11728 989817709124
2000 11752 3050398987109
2000 11776 1900703137116
2000 11800 1072892209096
2000 11824 2467151562808
2000 11848 1000863626021
2000 11872 1363480366536
2000 11896 1725176613980
2000 11920 1022955459806
2000 11944 871074102520
2000 11968 647221692978
2000 12016 2282995417098
2000 12040 4102062324672
2000 12064 5571456925583
2000 12088 1400300089513
2000 12112 1550110337383
2000 12136 3845014633630
2000 12160 5117596309062
2000 12184 3092338952812
2000 12208 3984469334408
2000 12232 3028939992311
2000 12256 3070074526575
2000 12280 1660972222037
2000 12304 2537971998724
2000 12328 1524969370285
2000 12352 3732944601813
2000 12376 4533428391686
2000 12400 3500922816236
2000 12424 3590383236906
2000 12448 2763205147876
2000 12472 2372225714502
2000 12496 2773733287415
2000 12520 2574504067613
2000 12544 1119031924452
2000 12568 2975723986442
2000 12592 1614084606056
2000 12616 2250548036226
2000 12640 1850421202924
2000 12664 2453114043421
2000 12688 1969682586882
2000 12712 3941436283179
2000 12736 3738870275980
2000 12760 3164712720789
2000 12784 3957544911982
2000 12808 2726673078987
2000 12832 4245256528565
2000 12856 4240021224203
2000 12880 4060467543867
2000 12904 3588887435663
2000 12928 2874929994791
2000 12952 3262227455865
2000 12976 3016283212534
2000 13000 2654874619178
2000 13024 2888622329272
2000 13048 4292892045169
2000 13072 2716432593533
2000 13096 2669372385101
2000 13120 4693709248276
2000 13144 2862503338284
2000 13168 3231275876236
2000 13192 5201763894556
2000 13216 4067773957645
2000 13240 3739790769055
2000 13264 5873493715637
2000 13288 3561732889967
2000 13312 4847891838247
2000 13336 3773733951175
2000 13360 3869292638467
2000 13384 3778969255537
2000 13408 4557073557537
2000 13432 3778969255537
2000 13456 3515363051341
2000 13480 2777185136445
2000 13504 3544876360540
2000 13528 1747671163486
2000 13552 1595272028847
2000 13576 2161547862087
2000 13600 2665863005256
2000 13624 1603383874067
2000 13648 1004545598317
2000 13672 1314291517870
2000 13696 421585828101
2000 13720 1226614552527
2000 13744 249683746450
2000 13768 1593028326979
2000 13816 358762175772
2000 13840 936774295711
2000 13864 57530819
2000 13888 674663892758
2000 13912 545679800704
2000 14000 4055807547678
2000 14012 15189286344826
2000 14026 10780757357186
2000 14040 13588606419171
2000 14070 8176855042006
2000 14078 11445756072661
2000 14100 12538381352037
2000 14132 5694170158571
2000 14140 1307560412264
2000 14160 4747040315778
2000 14192 5759295043589
2000 14214 8515826616674
2000 14240 14095567979924
2000 14298 4727825022847
2000 14300 3681684643731
2000 14320 22102246864792
2000 14380 8380341542280
2000 14390 10364291771811
2000 14436 11597177183407
2000 14468 3343691092956
2000 14504 9454326836898
2000 14540 8159768389313
2000 14574 8668858590301
2000 14600 2977162256871
2000 14642 5515997217847
2000 14660 3828043042570
2000 14682 7689281366631
2000 14722 7803480038683
2000 14764 7911005135943
2000 14800 8318783567925
2000 14836 9639403475679
2000 14870 1635083354319
2000 14900 3269361277191
2000 14932 4008632277613
2000 14982 11430280282845
2000 15040 1554712802754
2000 15086 1577552537163
2000 15240 764872214056
2000 15340 465309249139
2000 15368 395869552834
2000 15436 379128085044
2000 15466 107870282163
2000 15654 107179912358
2000 15676 282994089579
2040 6000 28765412
2040 10000 28765412
2046 5994 313658015123
2046 10006 313658015123
2064 4000 489011945804
2064 6000 385514005747
2064 10000 385514005747
2064 12000 489011945804
2078 5990 589748406641
2078 10010 589748406641
2088 2000 545679800704
2088 4000 674663892758
2088 6000 376913148584
2088 10000 376913148584
2088 12000 674663892758
2088 14000 545679800704
2112 2000 674663892758
2112 4000 1295536471478
2112 6000 500431813011
2112 10000 500431813011
2112 12000 1295536471478
2112 14000 674663892758
2125 6000 1494899320326
2125 10000 1494899320326
2136 2000 57530819
2136 4000 57530819
2136 6000 238695360372
2136 10000 238695360372
2136 12000 57530819
2136 14000 57530819
2160 2000 936774295711
2160 4000 469336406338
2160 6000 317138629561
2160 10000 317138629561
2160 12000 469336406338
2160 14000 936774295711
2164 3996 812335138209
2164 5008 538373386922
2164 7008 1120294057731
2164 8992 1120294057731
2164 10992 538373386922
2164 12004 812335138209
2174 4940 469336406338
2174 11060 469336406338
2180 4962 307387156053
2180 5100 317339987419
2180 10900 317339987419
2180 11038 307387156053
2184 2000 358762175772
2184 4000 691060175649
2184 6000 398199550931
2184 10000 398199550931
2184 12000 691060175649
2184 14000 358762175772
2188 5978 741974948829
2188 10022 741974948829
2190 5980 572949408032
2190 10020 572949408032
2196 5010 348981936853
2196 10990 348981936853
2202 4012 163847767254
2202 4948 401104857196
2202 5978 208836866270
2202 10022 208836866270
2202 11052 401104857196
2202 11988 163847767254
2206 3998 163847767254
2206 5024 55172053652
2206 10976 55172053652
2206 12002 163847767254
2208 4904 57530819
2208 6000 248792018782
2208 8000 2040219613957
2208 10000 248792018782
2208 11096 57530819
2214 3996 935048371197
2214 12004 935048371197
2216 5986 57530819
2216 7986 729773161402
2216 8014 729773161402
2216 10014 57530819
2220 5080 346795765805
2220 5978 87216718808
2220 10022 87216718808
2220 10920 346795765805
2226 3996 197043048753
2226 12004 197043048753
2232 2000 1593028326979
2232 4000 1338051745353
2232 6000 669025872679
2232 10000 669025872679
2232 12000 1338051745353
2232 14000 1593028326979
2246 3996 197043048753
2246 12004 197043048753
2250 6000 1766087067621
2250 6125 44758976317
2250 9875 44758976317
2250 10000 1766087067621
2256 2000 249683746450
2256 4000 427051255732
2256 6000 213525627866
2256 10000 213525627866
2256 12000 427051255732
2256 14000 249683746450
2280 2000 1226614552527
2280 4000 585433595354
2280 6000 282073596504
2280 10000 282073596504
2280 12000 585433595354
2280 14000 1226614552527
2304 2000 421585828101
2304 4000 1275515747109
2304 6000 517115749986
2304 10000 517115749986
2304 12000 1275515747109
2304 14000 421585828101
2328 2000 1314291517870
2328 14000 1314291517870
2330 3994 1013923121515
2330 12006 1013923121515
2352 2000 1004545598317
2352 4000 1213497526219
2352 6000 738062853263
2352 8000 1602903639551
2352 10000 738062853263
2352 12000 1213497526219
2352 14000 1004545598317
2375 6125 237671328355
2375 9875 237671328355
2376 2000 1603383874067
2376 4000 1866242177639
2376 6000 764958510282
2376 10000 764958510282
2376 12000 1866242177639
2376 14000 1603383874067
2378 3168 38948363216
2378 12832 38948363216
2384 3186 558911888649
2384 12814 558911888649
2400 2000 2665863005256
2400 3200 972961179701
2400 4000 1719768717167
2400 5800 80370551565
2400 6000 750834694673
2400 10000 750834694673
2400 10200 80370551565
2400 12000 1719768717167
2400 12800 972961179701
2400 14000 2665863005256
2402 5810 88022150246
2402 10190 88022150246
2418 3984 513577604730
2418 12016 513577604730
2420 5786 277471131133
2420 7786 1668991166508
2420 8214 1668991166508
2420 10214 277471131133
2424 2000 2161547862087
2424 4000 1808768891305
2424 6000 182056270884
2424 10000 182056270884
2424 12000 1808768891305
2424 14000 2161547862087
2434 3244 1120757848966
2434 12756 1120757848966
2440 3270 238062521381
2440 12730 238062521381
2448 2000 1595272028847
2448 4000 1224313319842
2448 6000 878466812524
2448 8000 1176801997104
2448 10000 878466812524
2448 12000 1224313319842
2448 14000 1595272028847
2460 3274 172822574730
2460 12726 172822574730
2472 2000 1747671163486
2472 4000 441031244301
2472 6000 836095365693
2472 8000 105831626028
2472 10000 836095365693
2472 12000 441031244301
2472 14000 1747671163486
2480 3982 501496133130
2480 12018 501496133130
2492 3994 503682304178
2492 5788 497584037560
2492 10212 497584037560
2492 12006 503682304178
2496 2000 3544876360540
2496 4000 1785353848720
2496 6000 539926718988
2496 10000 539926718988
2496 12000 1785353848720
2496 14000 3544876360540
2500 5750 110602405453
2500 6000 1644134346664
2500 10000 1644134346664
2500 10250 110602405453
2520 2000 2777185136445
2520 4000 3765219390237
2520 6000 1942528041186
2520 8000 376400695473
2520 10000 1942528041186
2520 12000 3765219390237
2520 14000 2777185136445
2536 3360 701588315188
2536 12640 701588315188
2544 2000 3515363051341
2544 4000 3136177435483
2544 6000 1978599863540
2544 8000 6605470814468
2544 10000 1978599863540
2544 12000 3136177435483
2544 14000 3515363051341
2568 2000 3778969255537
2568 4000 3439077187793
2568 6000 1678749244539
2568 8000 5803975033853
2568 10000 1678749244539
2568 12000 3439077187793
2568 14000 3778969255537
2570 3392 57530819
2570 12608 57530819
2584 1998 775170230325
2584 14002 775170230325
2592 2000 4557073557537
2592 4000 5645614148896
2592 6000 2517749916492
2592 8000 4152763674947
2592 10000 2517749916492
2592 12000 5645614148896
2592 14000 4557073557537
2604 3430 390116471118
2604 12570 390116471118
2608 4062 411115219381
2608 11938 411115219381
2616 2000 3778969255537
2616 4000 3889255832018
2616 6000 2087016688464
2616 8000 766568852485
2616 10000 2087016688464
2616 12000 3889255832018
2616 14000 3778969255537
2625 6000 10052643260881
2625 10000 10052643260881
2626 3450 289437541100
2626 12550 289437541100
2640 2000 3869292638467
2640 4000 3388335007065
2640 4060 286503469428
2640 6000 1897654003807
2640 8000 5295009641923
2640 10000 1897654003807
2640 11940 286503469428
2640 12000 3388335007065
2640 14000 3869292638467
2644 3536 312392337146
2644 12464 312392337146
2648 3484 517317107845
2648 12516 517317107845
2664 2000 3773733951175
2664 4000 4797437311604
2664 6000 1635255946770
2664 10000 1635255946770
2664 12000 4797437311604
2664 14000 3773733951175
2688 2000 4847891838247
2688 4000 3157924084365
2688 6000 1871765136085
2688 8000 4010348242710
2688 10000 1871765136085
2688 12000 3157924084365
2688 14000 4847891838247
2708 3546 375791297646
2708 12454 375791297646
2710 3532 44298729211
2710 12468 44298729211
2712 2000 3561732889967
2712 3500 512599580841
2712 4000 4324879179506
2712 6000 1754661157773
2712 8000 2435653443138
2712 10000 1754661157773
2712 12000 4324879179506
2712 12500 512599580841
2712 14000 3561732889967
2716 1992 716086081111
2716 14008 716086081111
2736 2000 5873493715637
2736 4000 3458522603994
2736 6000 1393942934218
2736 10000 1393942934218
2736 12000 3458522603994
2736 14000 5873493715637
2738 3978 57530819
2738 12022 57530819
2746 3558 967610813706
2746 12442 967610813706
2750 5750 2272056381096
2750 6000 11142658370561
2750 6500 694257018320
2750 7250 278982311239
2750 8750 278982311239
2750 9500 694257018320
2750 10000 11142658370561
2750 10250 2272056381096
2760 2000 3739790769055
2760 4000 4587622421445
2760 6000 1910080660310
2760 8000 7851997842796
2760 10000 1910080660310
2760 12000 4587622421445
2760 14000 3739790769055
2762 1842 465079125869
2762 14158 465079125869
2784 2000 4067773957645
2784 4000 3602522239329
2784 6000 1533426400408
2784 10000 1533426400408
2784 12000 3602522239329
2784 14000 4067773957645
2806 4156 674433769492
2806 11844 674433769492
2808 2000 5201763894556
2808 4000 3402717711355
2808 6000 1749368322592
2808 8000 7154855965319
2808 10000 1749368322592
2808 12000 3402717711355
2808 14000 5201763894556
2822 1854 759579378880
2822 14146 759579378880
2830 3978 57530819
2830 12022 57530819
2832 1924 976413028728
2832 1990 1052238645736
2832 2000 3231275876236
2832 4000 3232311430944
2832 4178 535381784431
2832 6000 1435854134517
2832 10000 1435854134517
2832 11822 535381784431
2832 12000 3232311430944
2832 14000 3231275876236
2832 14010 1052238645736
2832 14076 976413028728
2834 3820 246979798043
2834 12180 246979798043
2840 1800 578472366478
2840 1808 338741451403
2840 1892 466057149763
2840 1970 1749109433915
2840 14030 1749109433915
2840 14108 466057149763
2840 14192 338741451403
2840 14200 578472366478
2850 1844 556898310047
2850 14156 556898310047
2856 1774 814751432527
2856 2000 2862503338284
2856 4000 3519390208539
2856 6000 1924434599189
2856 10000 1924434599189
2856 12000 3519390208539
2856 14000 2862503338284
2856 14226 814751432527
2858 3870 112070031818
2858 12130 112070031818
2862 1914 1001841649910
2862 14086 1001841649910
2868 4198 409159171598
2868 11802 409159171598
2872 3816 577494342589
2872 12184 577494342589
2875 6125 1484619284361
2875 7875 3732145577991
2875 8125 3732145577991
2875 9875 1484619284361
2880 1960 928719981309
2880 2000 4693709248276
2880 3806 830399814795
2880 4000 3285412375180
2880 6000 1746261658468
2880 8000 6965366293488
2880 10000 1746261658468
2880 12000 3285412375180
2880 12194 830399814795
2880 14000 4693709248276
2880 14040 928719981309
2884 3790 356058227366
2884 12210 356058227366
2888 1780 412495958991
2888 1906 867852376760
2888 14094 867852376760
2888 14220 412495958991
2890 1872 747958153815
2890 14128 747958153815
2896 1816 483661579809
2896 3908 508629954456
2896 12092 508629954456
2896 14184 483661579809
2900 1768 1532966153872
2900 14232 1532966153872
2902 3786 670579204741
2902 12214 670579204741
2904 1844 443677661890
2904 2000 2669372385101
2904 4000 3808885280457
2904 6000 1555144283883
2904 8000 929870598584
2904 10000 1555144283883
2904 12000 3808885280457
2904 14000 2669372385101
2904 14156 443677661890
2906 3808 403866336417
2906 3820 181567258937
2906 12180 181567258937
2906 12192 403866336417
2916 1880 1190657791806
2916 3838 80370551565
2916 12162 80370551565
2916 14120 1190657791806
2922 3770 1366414438212
2922 12230 1366414438212
2928 2000 2716432593533
2928 4000 3086413278644
2928 6000 1034030142109
2928 10000 1034030142109
2928 12000 3086413278644
2928 14000 2716432593533
2934 1824 202968722921
2934 3912 426821132463
2934 12088 426821132463
2934 14176 202968722921
2936 3772 57530819
2936 12228 57530819
2938 1932 681510060000
2938 14068 681510060000
2942 4244 463640855440
2942 11756 463640855440
2948 1724 620469863000
2948 3754 2919804032170
2948 12246 2919804032170
2948 14276 620469863000
2950 1786 336670341983
2950 14214 336670341983
2952 2000 4292892045169
2952 4000 2750318244834
2952 6000 1402256137296
2952 8000 9140134647139
2952 10000 1402256137296
2952 12000 2750318244834
2952 14000 4292892045169
2956 3966 137383591363
2956 5758 873950643378
2956 7758 1460329413574
2956 8242 1460329413574
2956 10242 873950643378
2956 12034 137383591363
2962 1860 2251986306655
2962 14140 2251986306655
2964 3750 874410889918
2964 12250 874410889918
2966 1800 1183811624568
2966 14200 1183811624568
2968 1980 1022092497549
2968 5758 57530819
2968 10242 57530819
2968 14020 1022092497549
2976 2000 2888622329272
2976 4000 2280521591961
2976 6000 1517806783551
2976 10000 1517806783551
2976 12000 2280521591961
2976 14000 2888622329272
2980 3740 2967094363868
2980 12260 2967094363868
2982 1696 1444253633822
2982 1790 567023733865
2982 14210 567023733865
2982 14304 1444253633822
2984 3938 57530819
2984 12062 57530819
2990 5740 234150425815
2990 7740 548855721155
2990 8260 548855721155
2990 10260 234150425815
2998 3726 5138134810785
2998 3926 134507050505
2998 12074 134507050505
2998 12274 5138134810785
3000 2000 2654874619178
3000 4000 3642908872970
3000 5500 1627322369562
3000 5750 755686269680
3000 6000 10718509013026
3000 6250 4568193471613
3000 6375 3189163318653
3000 6500 2360612192516
3000 6750 6667554990350
3000 7000 2110533361887
3000 7625 6913715858123
3000 8375 6913715858123
3000 9000 2110533361887
3000 9250 6667554990350
3000 9500 2360612192516
3000 9625 3189163318653
3000 9750 4568193471613
3000 10000 10718509013026
3000 10250 755686269680
3000 10500 1627322369562
3000 12000 3642908872970
3000 14000 2654874619178
3002 1766 1110517363515
3002 5844 485099850238
3002 10156 485099850238
3002 14234 1110517363515
3018 5720 404671767859
3018 5848 113508302247
3018 10152 113508302247
3018 10280 404671767859
3024 2000 3016283212534
3024 4000 3058108116604
3024 5710 809401066533
3024 6000 1619003490923
3024 10000 1619003490923
3024 10290 809401066533
3024 12000 3058108116604
3024 14000 3016283212534
3026 1720 413704106150
3026 14280 413704106150
3034 5830 691865607088
3034 10170 691865607088
3036 5698 1294270793501
3036 7698 1044480835828
3036 8302 1044480835828
3036 10302 1294270793501
3038 3708 872742496219
3038 12292 872742496219
3044 3698 3061790088904
3044 12302 3061790088904
3046 1818 1602175726907
3046 14182 1602175726907
3048 2000 3262227455865
3048 4000 3540964264974
3048 6000 1318059786396
3048 10000 1318059786396
3048 12000 3540964264974
3048 14000 3262227455865
3054 5700 172707513097
3054 10300 172707513097
3066 5818 253480780379
3066 10182 253480780379
3072 2000 2874929994791
3072 4000 3194226029989
3072 6000 1750576469751
3072 8000 15414777552632
3072 10000 1750576469751
3072 12000 3194226029989
3072 14000 2874929994791
3074 3682 1248706386316
3074 4198 1222702456961
3074 11802 1222702456961
3074 12318 1248706386316
3080 1790 1110920079232
3080 14210 1110920079232
3084 5680 803590454002
3084 10320 803590454002
3086 5802 563686946471
3086 10198 563686946471
3092 3674 337648365877
3092 12326 337648365877
3096 1830 71683398177
3096 2000 3588887435663
3096 4000 3904674091016
3096 6000 1798873590754
3096 10000 1798873590754
3096 12000 3904674091016
3096 14000 3588887435663
3096 14170 71683398177
3098 3660 2682719534679
3098 12340 2682719534679
3100 5664 517834885199
3100 10336 517834885199
3102 4228 752560619186
3102 11772 752560619186
3116 5650 1379876649427
3116 10350 1379876649427
3120 1960 175526523137
3120 2000 4060467543867
3120 3654 1141871658861
3120 4000 2956508693511
3120 6000 1478254346756
3120 10000 1478254346756
3120 12000 2956508693511
3120 12346 1141871658861
3120 14000 4060467543867
3120 14040 175526523137
3124 1770 598550621666
3124 14230 598550621666
3125 6000 15459967413948
3125 10000 15459967413948
3126 1702 488896884171
3126 14298 488896884171
3130 1830 2359511403911
3130 14170 2359511403911
3134 1760 1972271473652
3134 14240 1972271473652
3136 3646 605109134820
3136 4358 223219570556
3136 11642 223219570556
3136 12354 605109134820
3138 4260 143079142265
3138 5640 1306985104092
3138 10360 1306985104092
3138 11740 143079142265
3142 3632 556610655959
3142 12368 556610655959
3144 2000 4240021224203
3144 4000 3778969255537
3144 5738 563974600556
3144 6000 1947216802783
3144 7738 5507507832019
3144 8000 1802500402957
3144 8262 5507507832019
3144 10000 1947216802783
3144 10262 563974600556
3144 12000 3778969255537
3144 14000 4240021224203
3148 3622 2483720438147
3148 12378 2483720438147
3150 5778 586986927420
3150 10222 586986927420
3156 5626 646934038890
3156 10374 646934038890
3160 1746 717639413173
3160 4488 1155391400895
3160 5780 131342855563
3160 10220 131342855563
3160 11512 1155391400895
3160 14254 717639413173
3162 3618 1446612397322
3162 12382 1446612397322
3168 2000 4245256528565
3168 2378 38948363216
3168 4000 2643195863295
3168 6000 1920407441990
3168 8000 13824997505585
3168 10000 1920407441990
3168 12000 2643195863295
3168 13622 38948363216
3168 14000 4245256528565
3174 3616 273961751288
3174 5618 573294592935
3174 10382 573294592935
3174 12384 273961751288
3180 1958 336957996071
3180 14042 336957996071
3182 4216 234150425815
3182 11784 234150425815
3184 4390 805834155869
3184 5274 62651059882
3184 5610 527730185750
3184 10390 527730185750
3184 10726 62651059882
3184 11610 805834155869
3186 1792 210332667517
3186 2384 558911888649
3186 13616 558911888649
3186 14208 210332667517
3188 1828 354044648764
3188 3612 57530819
3188 12388 57530819
3188 14172 354044648764
3190 1998 1265562915743
3190 14002 1265562915743
3192 2000 2726673078987
3192 4000 3417618192995
3192 6000 1760212881626
3192 8000 3224086465301
3192 10000 1760212881626
3192 12000 3417618192995
3192 14000 2726673078987
3194 1780 1101139840318
3194 14220 1101139840318
3200 2400 972961179701
3200 3600 719307806872
3200 12400 719307806872
3200 13600 972961179701
3206 3576 4025718930306
3206 4430 4441609207508
3206 5570 1378323317361
3206 7570 2485862292894
3206 8430 2485862292894
3206 10430 1378323317361
3206 11570 4441609207508
3206 12424 4025718930306
3208 1752 469336406338
3208 1966 57530819
3208 3594 842078570674
3208 12406 842078570674
3208 14034 57530819
3208 14248 469336406338
3214 4470 1164883985725
3214 5582 57530819
3214 7582 2350048234463
3214 8418 2350048234463
3214 10418 57530819
3214 11530 1164883985725
3216 2000 3957544911982
3216 4000 3564091653467
3216 6000 1639513227239
3216 10000 1639513227239
3216 12000 3564091653467
3216 14000 3957544911982
3218 1938 508745016089
3218 5560 7103560117194
3218 7560 2586933774504
3218 8440 2586933774504
3218 10440 7103560117194
3218 14062 508745016089
3220 4246 660798965826
3220 5310 436658902196
3220 5436 2199863386312
3220 10564 2199863386312
3220 10690 436658902196
3220 11754 660798965826
3228 4664 552756091212
3228 11336 552756091212
3234 1974 57530819
3234 14026 57530819
3238 1958 433839892156
3238 14042 433839892156
3240 2000 3164712720789
3240 3560 5063287217667
3240 4000 1703660088363
3240 4262 134967297045
3240 4470 2783225872246
3240 6000 1838483558364
3240 8000 1258033987298
3240 10000 1838483558364
3240 11530 2783225872246
3240 11738 134967297045
3240 12000 1703660088363
3240 12440 5063287217667
3240 14000 3164712720789
3244 2434 1120757848966
3244 5562 144459881875
3244 10438 144459881875
3244 13566 1120757848966
3250 5500 1127267711446
3250 5750 564232898708
3250 6000 11208702633147
3250 6250 3939307643511
3250 6500 6881368451281
3250 6625 2393749625700
3250 6750 4823780012709
3250 7000 1398385962965
3250 7375 2690296491436
3250 7500 3189834651135
3250 8500 3189834651135
3250 8625 2690296491436
3250 9000 1398385962965
3250 9250 4823780012709
3250 9375 2393749625700
3250 9500 6881368451281
3250 9750 3939307643511
3250 10000 11208702633147
3250 10250 564232898708
3250 10500 1127267711446
3254 3558 534173637272
3254 12442 534173637272
3256 1938 57530819
3256 14062 57530819
3260 4294 114371264503
3260 5918 977793768342
3260 10082 977793768342
3260 11706 114371264503
3264 2000 3738870275980
3264 3550 57530819
3264 4000 3588254596672
3264 6000 1858561813551
3264 8000 1858561815411
3264 10000 1858561813551
3264 12000 3588254596672
3264 12450 57530819
3264 14000 3738870275980
3266 1688 458520612715
3266 3440 5210566109581
3266 12560 5210566109581
3266 14312 458520612715
3270 2440 238062521381
3270 13560 238062521381
3272 4268 1016281885015
3272 11732 1016281885015
3274 1750 624094304481
3274 2460 172822574730
3274 13540 172822574730
3274 14250 624094304481
3280 1722 624094304481
3280 14278 624094304481
3282 1956 57530819
3282 14044 57530819
3286 3532 1010528803303
3286 12468 1010528803303
3288 2000 3941436283179
3288 4000 3123290532440
3288 5528 311989621424
3288 6000 1617824109171
3288 8000 2007418607280
3288 10000 1617824109171
3288 10472 311989621424
3288 12000 3123290532440
3288 14000 3941436283179
3290 1976 894374083468
3290 14024 894374083468
3296 4588 705327818303
3296 5412 3199921580890
3296 7412 1790152035428
3296 8588 1790152035428
3296 10588 3199921580890
3296 11412 705327818303
3300 3300 4463701041297
3300 4632 235243511342
3300 5342 363249579511
3300 5364 3335119001200
3300 5480 1592337957174
3300 10520 1592337957174
3300 10636 3335119001200
3300 10658 363249579511
3300 11368 235243511342
3300 12700 4463701041297
3302 4484 894374083468
3302 11516 894374083468
3304 1684 822805746929
3304 14316 822805746929
3306 5514 57530819
3306 7514 2543825386004
3306 8486 2543825386004
3306 10486 57530819
3312 2000 1969682586882
3312 4000 2495226601579
3312 6000 1522984557095
3312 8000 8688061458048
3312 10000 1522984557095
3312 12000 2495226601579
3312 14000 1969682586882
3318 5898 452134692012
3318 7898 1220106931123
3318 8102 1220106931123
3318 10102 452134692012
3320 3472 5306412450958
3320 12528 5306412450958
3322 4620 782073928386
3322 11380 782073928386
3324 4660 353239217326
3324 11340 353239217326
3326 4546 57530819
3326 11454 57530819
3336 1964 745656921125
3336 2000 2453114043421
3336 3484 755609752495
3336 4000 3617882967509
3336 6000 2064493373551
3336 10000 2064493373551
3336 12000 3617882967509
3336 12516 755609752495
3336 14000 2453114043421
3336 14036 745656921125
3340 5220 912381229236
3340 5708 472443070466
3340 7220 2240496119994
3340 8780 2240496119994
3340 10292 472443070466
3340 10780 912381229236
3344 4686 65642662373
3344 5314 2261421360667
3344 5476 2238639157073
3344 7314 18478918902169
3344 8686 18478918902169
3344 10524 2238639157073
3344 10686 2261421360667
3344 11314 65642662373
3350 1964 864688181817
3350 14036 864688181817
3358 4322 359395014759
3358 11678 359395014759
3360 2000 1850421202924
3360 2536 701588315188
3360 4000 3510242808616
3360 6000 1780866444986
3360 8000 1858561815411
3360 10000 1780866444986
3360 12000 3510242808616
3360 13464 701588315188
3360 14000 1850421202924
3370 1968 36417007261
3370 14032 36417007261
3378 4604 1428145005018
3378 11396 1428145005018
3384 2000 2250548036226
3384 4000 2976586948698
3384 4632 439708035505
3384 6000 1819613450335
3384 8000 4731668062210
3384 10000 1819613450335
3384 11368 439708035505
3384 12000 2976586948698
3384 14000 2250548036226
3392 1962 1596422645191
3392 2570 57530819
3392 13430 57530819
3392 14038 1596422645191
3394 3430 1937465329276
3394 12570 1937465329276
3396 1998 1403119099557
3396 5428 1057589011731
3396 10572 1057589011731
3396 14002 1403119099557
3398 4632 963813779773
3398 11368 963813779773
3400 4600 789322811345
3400 5704 327235287971
3400 10296 327235287971
3400 11400 789322811345
3402 1960 201357860040
3402 14040 201357860040
3408 2000 1614084606056
3408 4000 3926248147451
3408 6000 1207312963375
3408 8000 473633982813
3408 10000 1207312963375
3408 12000 3926248147451
3408 14000 1614084606056
3420 4640 931423929716
3420 5308 2387413850231
3420 7308 107886926178
3420 8692 107886926178
3420 10692 2387413850231
3420 11360 931423929716
3430 2604 390116471118
3430 3394 1937465329276
3430 12606 1937465329276
3430 13396 390116471118
3432 2000 2975723986442
3432 4000 2342137097130
3432 5200 99298190408
3432 6000 1517001352109
3432 7200 2880463644940
3432 8800 2880463644940
3432 10000 1517001352109
3432 10800 99298190408
3432 12000 2342137097130
3432 14000 2975723986442
3440 3266 5210566109581
3440 12734 5210566109581
3442 1978 663330321781
3442 4676 692555976893
3442 11324 692555976893
3442 14022 663330321781
3450 1932 600449138631
3450 2626 289437541100
3450 13374 289437541100
3450 14068 600449138631
3456 2000 1119031924452
3456 4000 3237086488771
3456 5366 1599816963403
3456 6000 1506358150938
3456 8000 11513547303309
3456 10000 1506358150938
3456 10634 1599816963403
3456 12000 3237086488771
3456 14000 1119031924452
3458 4660 1029686565411
3458 11340 1029686565411
3460 1980 1169659043548
3460 1988 101254238191
3460 4696 133298903346
3460 5358 388275484972
3460 5692 180991950769
3460 10308 180991950769
3460 10642 388275484972
3460 11304 133298903346
3460 14012 101254238191
3460 14020 1169659043548
3464 5360 56667854900
3464 10640 56667854900
3472 3320 5306412450958
3472 12680 5306412450958
3480 1806 57530819
3480 2000 2574504067613
3480 4000 2793466357700
3480 4692 3341562452722
3480 5216 272293357589
3480 6000 1104131442808
3480 7216 2050358430992
3480 8000 7121462724075
3480 8784 2050358430992
3480 10000 1104131442808
3480 10784 272293357589
3480 11308 3341562452722
3480 12000 2793466357700
3480 14000 2574504067613
3480 14194 57530819
3484 2648 517317107845
3484 3336 755609752495
3484 12664 755609752495
3484 13352 517317107845
3492 5686 364055010949
3492 7686 1145150916582
3492 8314 1145150916582
3492 10314 364055010949
3496 1920 79104873587
3496 5238 57530819
3496 5326 328385904312
3496 7238 490432580314
3496 8762 490432580314
3496 10674 328385904312
3496 10762 57530819
3496 14080 79104873587
3500 2712 512599580841
3500 5292 2403292355768
3500 5676 243527949013
3500 5750 3090681364741
3500 5796 57530819
3500 6000 9585333889874
3500 6125 1565251703459
3500 6375 4736641979397
3500 6500 5977399946656
3500 6625 5512893357014
3500 6750 14448510959426
3500 7000 3256271255537
3500 7250 4201586015729
3500 7500 12453532366624
3500 7676 16162973230
3500 8324 16162973230
3500 8500 12453532366624
3500 8750 4201586015729
3500 9000 3256271255537
3500 9250 14448510959426
3500 9375 5512893357014
3500 9500 5977399946656
3500 9625 4736641979397
3500 9875 1565251703459
3500 10000 9585333889874
3500 10204 57530819
3500 10250 3090681364741
3500 10324 243527949013
3500 10708 2403292355768
3500 13288 512599580841
3504 2000 2773733287415
3504 4000 3293869405299
3504 6000 1456536463281
3504 10000 1456536463281
3504 12000 3293869405299
3504 14000 2773733287415
3516 5252 1289553266497
3516 10748 1289553266497
3520 1802 1005868807113
3520 1906 911058020444
3520 4834 3410081655952
3520 5252 1153147699023
3520 10748 1153147699023
3520 11166 3410081655952
3520 14094 911058020444
3520 14198 1005868807113
3524 4768 4097402328482
3524 11232 4097402328482
3528 2000 2372225714502
3528 4000 4179268681290
3528 5290 350880453822
3528 6000 1693103183418
3528 10000 1693103183418
3528 10710 350880453822
3528 12000 4179268681290
3528 14000 2372225714502
3532 2710 44298729211
3532 3286 1010528803303
3532 12714 1010528803303
3532 13290 44298729211
3536 2644 312392337146
3536 13356 312392337146
3546 2708 375791297646
3546 13292 375791297646
3550 3264 57530819
3550 12736 57530819
3552 2000 2763205147876
3552 4000 2859339143342
3552 6000 1364343328792
3552 10000 1364343328792
3552 12000 2859339143342
3552 14000 2763205147876
3556 5788 113508302247
3556 10212 113508302247
3558 2746 967610813706
3558 3254 534173637272
3558 5736 118398421706
3558 10264 118398421706
3558 12746 534173637272
3558 13254 967610813706
3560 3240 5063287217667
3560 4860 73581915141
3560 5140 3079394518951
3560 5174 762398388919
3560 7140 801316270728
3560 7174 2999948930537
3560 8826 2999948930537
3560 8860 801316270728
3560 10826 762398388919
3560 10860 3079394518951
3560 11140 73581915141
3560 12760 5063287217667
3576 2000 3590383236906
3576 3206 4025718930306
3576 4000 2937581054668
3576 6000 1504660991832
3576 8000 8931951020116
3576 10000 1504660991832
3576 12000 2937581054668
3576 12794 4025718930306
3576 14000 3590383236906
3580 1990 1639973473774
3580 5230 919342458111
3580 7230 1814467950948
3580 8770 1814467950948
3580 10770 919342458111
3580 14010 1639973473774
3586 4792 11736286702
3586 11208 11736286702
3594 3208 842078570674
3594 4810 57530819
3594 5190 561443244600
3594 10810 561443244600
3594 11190 57530819
3594 12792 842078570674
3598 5202 1433207716925
3598 10798 1433207716925
3600 2000 3500922816236
3600 3200 719307806872
3600 4000 3088829572967
3600 6000 1729318832816
3600 10000 1729318832816
3600 12000 3088829572967
3600 12800 719307806872
3600 14000 3500922816236
3608 1954 63398960505
3608 14046 63398960505
3610 4840 2599817627163
3610 5160 1983547513814
3610 10840 1983547513814
3610 11160 2599817627163
3612 3188 57530819
3612 12812 57530819
3616 3174 273961751288
3616 12826 273961751288
3618 3162 1446612397322
3618 12838 1446612397322
3620 1904 336670341983
3620 1918 1229433562571
3620 14082 1229433562571
3620 14096 336670341983
3622 3148 2483720438147
3622 12852 2483720438147
3624 2000 4533428391686
3624 4000 3725523126402
3624 4860 351570823627
3624 6000 821396241911
3624 10000 821396241911
3624 11140 351570823627
3624 12000 3725523126402
3624 14000 4533428391686
3625 5875 1071425173259
3625 6000 5375610347400
3625 6125 576686088471
3625 6750 3727536237027
3625 6875 10508985447226
3625 7000 7361094952266
3625 7125 5448598389399
3625 8875 5448598389399
3625 9000 7361094952266
3625 9125 10508985447226
3625 9250 3727536237027
3625 9875 576686088471
3625 10000 5375610347400
3625 10125 1071425173259
3626 5634 57530819
3626 7634 3965853637455
3626 8366 3965853637455
3626 10366 57530819
3632 3142 556610655959
3632 12858 556610655959
3636 5150 46945146800
3636 7150 3463473410567
3636 8850 3463473410567
3636 10850 46945146800
3640 5142 539293879997
3640 10858 539293879997
3646 1972 1662928269820
3646 3136 605109134820
3646 12864 605109134820
3646 14028 1662928269820
3648 1910 900644942538
3648 2000 3732944601813
3648 4000 1220401224276
3648 6000 1601197703014
3648 8000 7565866934329
3648 10000 1601197703014
3648 12000 1220401224276
3648 14000 3732944601813
3648 14090 900644942538
3650 5132 57530819
3650 10868 57530819
3652 5080 2533024348446
3652 7080 548855721155
3652 8920 548855721155
3652 10920 2533024348446
3654 3120 1141871658861
3654 12880 1141871658861
3660 3098 2682719534679
3660 4980 9527333443866
3660 5020 4907033518280
3660 7020 93724761512
3660 8980 93724761512
3660 10980 4907033518280
3660 11020 9527333443866
3660 12902 2682719534679
3666 5100 2192441910897
3666 7100 128570315639
3666 8900 128570315639
3666 10900 2192441910897
3668 1998 1276954017538
3668 14002 1276954017538
3672 2000 1524969370285
3672 4000 2590670227235
3672 6000 1108302427051
3672 8000 1104102678506
3672 10000 1108302427051
3672 12000 2590670227235
3672 14000 1524969370285
3674 3092 337648365877
3674 12908 337648365877
3676 1908 911115551258
3676 14092 911115551258
3682 3074 1248706386316
3682 12926 1248706386316
3684 4296 723392494889
3684 11704 723392494889
3686 5074 237429682394
3686 10926 237429682394
3688 1940 15475789817
3688 14060 15475789817
3696 2000 2537971998724
3696 4000 2020712421698
3696 6000 1226902206615
3696 8000 2800044905793
3696 10000 1226902206615
3696 12000 2020712421698
3696 14000 2537971998724
3698 3044 3061790088904
3698 12956 3061790088904
3708 3038 872742496219
3708 5000 6185770991145
3708 11000 6185770991145
3708 12962 872742496219
3716 1994 125877427935
3716 14006 125877427935
3720 2000 1660972222037
3720 4000 2585377392059
3720 6000 929870597654
3720 10000 929870597654
3720 12000 2585377392059
3720 14000 1660972222037
3722 4994 798700334543
3722 5006 1244334044211
3722 10994 1244334044211
3722 11006 798700334543
3726 2998 5138134810785
3726 13002 5138134810785
3728 5006 601369631706
3728 10994 601369631706
3732 5006 57530819
3732 7006 26780595410
3732 8994 26780595410
3732 10994 57530819
3740 2980 2967094363868
3740 4982 960419461561
3740 11018 960419461561
3740 13020 2967094363868
3744 2000 3070074526575
3744 4000 3014672349654
3744 6000 1225406405368
3744 10000 1225406405368
3744 12000 3014672349654
3744 14000 3070074526575
3750 2964 874410889918
3750 6000 7875800670030
3750 6250 628429360141
3750 6500 7482950440843
3750 6750 2043269768888
3750 6875 1410902850392
3750 7000 794292118185
3750 7500 3080416658182
3750 8000 2317789315423
3750 8500 3080416658182
3750 9000 794292118185
3750 9125 1410902850392
3750 9250 2043269768888
3750 9500 7482950440843
3750 9750 628429360141
3750 10000 7875800670030
3750 13036 874410889918
3754 2948 2919804032170
3754 13052 2919804032170
3756 5040 164710729514
3756 10960 164710729514
3760 3842 9492584831
3760 12158 9492584831
3764 4942 57530819
3764 5572 1070475914773
3764 7572 1432139695646
3764 8428 1432139695646
3764 10428 1070475914773
3764 11058 57530819
3766 5064 795133423879
3766 10936 795133423879
3768 2000 3028939992311
3768 4000 1655736917675
3768 6000 1061817526792
3768 10000 1061817526792
3768 12000 1655736917675
3768 14000 3028939992311
3770 2922 1366414438212
3770 4986 492003548299
3770 11014 492003548299
3770 13078 1366414438212
3772 2936 57530819
3772 13064 57530819
3774 5576 57530819
3774 10424 57530819
3778 1970 1021517189377
3778 14030 1021517189377
3782 4900 1670579868500
3782 4980 699172020866
3782 5570 440801121032
3782 10430 440801121032
3782 11020 699172020866
3782 11100 1670579868500
3786 2902 670579204741
3786 5522 299102718382
3786 10478 299102718382
3786 13098 670579204741
3790 2884 356058227366
3790 13116 356058227366
3792 2000 3984469334408
3792 4000 1915776211208
3792 4888 616500236619
3792 5112 175871708040
3792 6000 1074848256879
3792 10000 1074848256879
3792 10888 175871708040
3792 11112 616500236619
3792 12000 1915776211208
3792 14000 3984469334408
3806 2880 830399814795
3806 13120 830399814795
3808 2906 403866336417
3808 13094 403866336417
3812 5560 341272807354
3812 10440 341272807354
3816 2000 3092338952812
3816 2872 577494342589
3816 4000 2585147268789
3816 6000 1143856472055
3816 8000 3934932557175
3816 10000 1143856472055
3816 12000 2585147268789
3816 13128 577494342589
3816 14000 3092338952812
3820 2834 246979798043
3820 2906 181567258937
3820 13094 181567258937
3820 13166 246979798043
3822 5912 113795956331
3822 10088 113795956331
3824 5836 225693395697
3824 7836 1491058141474
3824 8164 1491058141474
3824 10164 225693395697
3828 5014 1333736934066
3828 7014 10815589606572
3828 8986 10815589606572
3828 10986 1333736934066
3834 5552 419457187866
3834 10448 419457187866
3836 3836 854505227181
3836 12164 854505227181
3838 2916 80370551565
3838 3876 179898865242
3838 5536 769762333515
3838 5560 57530819
3838 7536 751405142648
3838 8464 751405142648
3838 10440 57530819
3838 10464 769762333515
3838 12124 179898865242
3838 13084 80370551565
3840 2000 5117596309062
3840 4000 2341791912228
3840 6000 1104102677401
3840 8000 3712637737689
3840 10000 1104102677401
3840 12000 2341791912228
3840 14000 5117596309062
3842 3760 9492584831
3842 12240 9492584831
3846 3876 57530819
3846 12124 57530819
3852 4920 463065547268
3852 11080 463065547268
3860 4966 57530819
3860 11034 57530819
3864 2000 3845014633630
3864 4000 2654932149996
3864 6000 1337620264225
3864 10000 1337620264225
3864 12000 2654932149996
3864 14000 3845014633630
3866 5536 552813622030
3866 10464 552813622030
3870 1974 4962263102746
3870 2858 112070031818
3870 13142 112070031818
3870 14026 4962263102746
3875 5875 3575458710087
3875 6000 5272082154211
3875 6125 5142948678681
3875 7875 4453371154371
3875 8000 2661033042573
3875 8125 4453371154371
3875 9875 5142948678681
3875 10000 5272082154211
3875 10125 3575458710087
3876 3838 179898865242
3876 3846 57530819
3876 12154 57530819
3876 12162 179898865242
3880 5000 550569920159
3880 11000 550569920159
3882 5526 202796130469
3882 10474 202796130469
3888 2000 1550110337383
3888 4000 2804972521132
3888 4908 545679800704
3888 4982 57530819
3888 6000 1108762673591
3888 8000 355224578137
3888 10000 1108762673591
3888 11018 57530819
3888 11092 545679800704
3888 12000 2804972521132
3888 14000 1550110337383
3890 1970 57530819
3890 14030 57530819
3902 5400 1044471985422
3902 10600 1044471985422
3908 2896 508629954456
3908 13104 508629954456
3912 1980 1555115518475
3912 2000 1400300089513
3912 2934 426821132463
3912 4000 2561041856402
3912 6000 1185825203165
3912 8000 1820923614238
3912 10000 1185825203165
3912 12000 2561041856402
3912 13066 426821132463
3912 14000 1400300089513
3912 14020 1555115518475
3914 5406 798412680459
3914 10594 798412680459
3916 5960 37912808508
3916 10040 37912808508
3922 4796 135197420314
3922 4870 150040371140
3922 5402 1157347448677
3922 10598 1157347448677
3922 11130 150040371140
3922 11204 135197420314
3926 1992 714302625779
3926 2998 134507050505
3926 13002 134507050505
3926 14008 714302625779
3930 3956 713899910058
3930 12044 713899910058
3936 1980 57530819
3936 2000 5571456925583
3936 4000 2883904802264
3936 5496 1276263647733
3936 6000 1709902182026
3936 10000 1709902182026
3936 10504 1276263647733
3936 12000 2883904802264
3936 14000 5571456925583
3936 14020 57530819
3938 2984 57530819
3938 5050 699689798219
3938 10950 699689798219
3938 13016 57530819
3940 4870 403808805603
3940 5492 346450580898
3940 10508 346450580898
3940 11130 403808805603
3942 5482 555977816972
3942 10518 555977816972
3948 5918 342480954518
3948 10082 342480954518
3950 5482 960534523194
3950 10518 960534523194
3952 5958 468991221435
3952 7958 2230474044455
3952 8042 2230474044455
3952 10042 468991221435
3956 3930 713899910058
3956 5460 872397311316
3956 10540 872397311316
3956 12070 713899910058
3958 4530 57530819
3958 11470 57530819
3960 2000 4102062324672
3960 4000 3153781865533
3960 5520 594005687109
3960 6000 1025832000664
3960 8000 63497359488
3960 10000 1025832000664
3960 10480 594005687109
3960 12000 3153781865533
3960 14000 4102062324672
3962 5446 113795956331
3962 5940 507076622390
3962 10060 507076622390
3962 10554 113795956331
3964 5500 545909923969
3964 7500 4913053304960
3964 8500 4913053304960
3964 10500 545909923969
3966 2956 137383591363
3966 13044 137383591363
3968 3968 57530819
3968 12032 57530819
3970 4214 504372673988
3970 5484 173628006172
3970 5960 417788794172
3970 5988 267173114864
3970 7988 720522864639
3970 8012 720522864639
3970 10012 267173114864
3970 10040 417788794172
3970 10516 173628006172
3970 11786 504372673988
3972 4124 209757359345
3972 5548 437751987722
3972 7548 5009337203947
3972 8452 5009337203947
3972 10452 437751987722
3972 11876 209757359345
3974 1990 1495973838439
3974 4520 874928667272
3974 11480 874928667272
3974 14010 1495973838439
3976 920 1208377283490
3976 5804 105684111115
3976 7804 1918156455699
3976 8196 1918156455699
3976 10196 105684111115
3976 15080 1208377283490
3978 2738 57530819
3978 2830 57530819
3978 4098 718042128894
3978 5446 464849002604
3978 5476 907893825498
3978 10524 907893825498
3978 10554 464849002604
3978 11902 718042128894
3978 13170 57530819
3978 13262 57530819
3980 1988 57530819
3980 5536 47060208432
3980 5948 59889580661
3980 7536 2182757921249
3980 8464 2182757921249
3980 10052 59889580661
3980 10464 47060208432
3980 14012 57530819
3982 2480 501496133130
3982 4230 283626928570
3982 5988 119721630498
3982 10012 119721630498
3982 11770 283626928570
3982 13520 501496133130
3984 2000 2282995417098
3984 2418 513577604730
3984 4000 2100047418551
3984 6000 1304655105999
3984 10000 1304655105999
3984 12000 2100047418551
3984 13582 513577604730
3984 14000 2282995417098
3986 5912 675641916652
3986 10088 675641916652
3988 4058 348924406039
3988 11942 348924406039
3990 3996 626913314521
3990 4084 470429491864
3990 5460 935796271817
3990 5842 160223325776
3990 5880 19848131922
3990 10120 19848131922
3990 10158 160223325776
3990 10540 935796271817
3990 11916 470429491864
3990 12004 626913314521
3992 1996 2126108878720
3992 14004 2126108878720
3994 2330 1013923121515
3994 2492 503682304178
3994 3994 304165430293
3994 5904 309745919557
3994 10096 309745919557
3994 12006 304165430293
3994 13508 503682304178
3994 13670 1013923121515
3996 2164 812335138209
3996 2214 935048371197
3996 2226 197043048753
3996 2246 197043048753
3996 3990 626913314521
3996 4164 345242433739
3996 11836 345242433739
3996 12010 626913314521
3996 13754 197043048753
3996 13774 197043048753
3996 13786 935048371197
3996 13836 812335138209
3998 1998 7288924410063
3998 2206 163847767254
3998 3998 1431826977315
3998 4100 214474886349
3998 5876 113508302247
3998 5986 672707844975
3998 5996 691750545455
3998 7986 2403563649791
3998 8014 2403563649791
3998 10004 691750545455
3998 10014 672707844975
3998 10124 113508302247
3998 11900 214474886349
3998 12002 1431826977315
3998 13794 163847767254
3998 14002 7288924410063
4000 620 829766975804
4000 700 858589915199
4000 800 142043587553
4000 860 679784135487
4000 928 1627201632369
4000 1020 10329830812337
4000 1034 885801991713
4000 1060 1769360281554
4000 1078 3499139360905
4000 1108 2106778524156
4000 1164 9927345215531
4000 1200 10307048608743
4000 1212 1004775721587
4000 1240 5542806578640
4000 1264 2277702581922
4000 1300 7920210066685
4000 1340 2106778524156
4000 1364 14926485572073
4000 1406 1064952956327
4000 1414 1041883098648
4000 1438 2077322745775
4000 1460 5397771388597
4000 1482 3617537782606
4000 1500 8201478231750
4000 1528 888045693580
4000 1538 2846797425202
4000 1560 5169604167768
4000 1574 5142334560435
4000 1600 5314869481081
4000 1616 9060585924298
4000 1640 9631291630459
4000 1680 11741924719366
4000 1690 7236283712367
4000 1714 7606436989930
4000 1738 1202624201778
4000 1752 554769669813
4000 1760 9593033637052
4000 1786 5893629501643
4000 1800 1487919524038
4000 1802 2099932356918
4000 1828 7444545270464
4000 1866 4116445028958
4000 1876 2033311670653
4000 1900 12147344387845
4000 1922 18672029422839
4000 1938 4161146473885
4000 1956 1187493596864
4000 1960 18284847023398
4000 1980 15189286344826
4000 1998 56667854900
4000 2064 489011945804
4000 2088 674663892758
4000 2112 1295536471478
4000 2136 57530819
4000 2160 469336406338
4000 2184 691060175649
4000 2232 1338051745353
4000 2256 427051255732
4000 2280 585433595354
4000 2304 1275515747109
4000 2352 1213497526219
4000 2376 1866242177639
4000 2400 1719768717167
4000 2424 1808768891305
4000 2448 1224313319842
4000 2472 441031244301
4000 2496 1785353848720
4000 2520 3765219390237
4000 2544 3136177435483
4000 2568 3439077187793
4000 2592 5645614148896
4000 2616 3889255832018
4000 2640 3388335007065
4000 2664 4797437311604
4000 2688 3157924084365
4000 2712 4324879179506
4000 2736 3458522603994
4000 2760 4587622421445
4000 2784 3602522239329
4000 2808 3402717711355
4000 2832 3232311430944
4000 2856 3519390208539
4000 2880 3285412375180
4000 2904 3808885280457
4000 2928 3086413278644
4000 2952 2750318244834
4000 2976 2280521591961
4000 3000 3642908872970
4000 3024 3058108116604
4000 3048 3540964264974
4000 3072 3194226029989
4000 3096 3904674091016
4000 3120 2956508693511
4000 3144 3778969255537
4000 3168 2643195863295
4000 3192 3417618192995
4000 3216 3564091653467
4000 3240 1703660088363
4000 3264 3588254596672
4000 3288 3123290532440
4000 3312 2495226601579
4000 3336 3617882967509
4000 3360 3510242808616
4000 3384 2976586948698
4000 3408 3926248147451
4000 3432 2342137097130
4000 3456 3237086488771
4000 3480 2793466357700
4000 3504 3293869405299
4000 3528 4179268681290
4000 3552 2859339143342
4000 3576 2937581054668
4000 3600 3088829572967
4000 3624 3725523126402
4000 3648 1220401224276
4000 3672 2590670227235
4000 3696 2020712421698
4000 3720 2585377392059
4000 3744 3014672349654
4000 3768 1655736917675
4000 3792 1915776211208
4000 3816 2585147268789
4000 3840 2341791912228
4000 3864 2654932149996
4000 3888 2804972521132
4000 3912 2561041856402
4000 3936 2883904802264
4000 3960 3153781865533
4000 3984 2100047418551
4000 4000 135197420314
4000 4032 1267116247805
4000 4056 871074102520
4000 4080 1612416212358
4000 4104 634277259117
4000 4128 1656139633396
4000 4152 360718223555
4000 4176 1223680480855
4000 4200 1266425878000
4000 4224 1342884333994
4000 4248 966862913083
4000 4272 1369521102336
4000 4296 1489357794467
4000 4320 1602808565894
4000 4344 1734093890638
4000 4368 1975263076147
4000 4392 1736682777412
4000 4416 2271891969387
4000 4440 2016685264495
4000 4464 2136867141528
4000 4488 2275458880050
4000 4512 1868313287059
4000 4536 2506445110923
4000 4560 2099587172015
4000 4584 2794444381593
4000 4608 2232828544542
4000 4632 3230988222152
4000 4656 2470545881020
4000 4680 2960650912346
4000 4704 4119321569816
4000 4728 5041828222868
4000 4752 1671385299943
4000 4776 2885803319232
4000 4800 3058971078864
4000 4824 3820564036341
4000 4848 3706020179387
4000 4872 2337822285847
4000 4896 3683755753146
4000 4920 4908471788709
4000 4944 2328617355101
4000 4968 2493040430526
4000 4992 2698540509398
4000 5016 4863942936232
4000 5040 3069096502682
4000 5064 3345647140739
4000 5088 4267693547256
4000 5136 4790303490277
4000 5160 2158613790415
4000 5184 3135947312213
4000 5208 2905133673796
4000 5232 3302556558691
4000 5256 3941896529715
4000 5280 4411750713406
4000 5304 2701934827610
4000 5328 2500749560025
4000 5352 3774884567519
4000 5376 3508229230014
4000 5400 918019249319
4000 5424 4063976923716
4000 5448 3707170795728
4000 5472 2227880894264
4000 5496 2938731671013
4000 5520 2403349886582
4000 5544 2391786192336
4000 5568 2340008456896
4000 5592 2523761886885
4000 5616 1802555563050
4000 5640 2041711169957
4000 5664 1603786589788
4000 5688 1348982600613
4000 5712 1472386203407
4000 5736 1525314555188
4000 5760 1832874303692
4000 5784 1202048893605
4000 5808 936083925905
4000 5832 1428835374824
4000 5856 930158251738
4000 5880 1406053171229
4000 5904 1173456077481
4000 5928 1471580771969
4000 5952 1452365479038
4000 5976 1256875762351
4000 6000 3690842242223
4000 6125 6465423759492
4000 6250 6309289426432
4000 6375 8574941852937
4000 6500 12131713985315
4000 6625 8910539976215
4000 6750 10290655611946
4000 6875 17469265810439
4000 7000 5505704661103
4000 7016 5191044794700
4000 7064 1337415859732
4000 7088 1673003105629
4000 7136 2106046782761
4000 7160 3290037491897
4000 7184 357821350901
4000 7208 1818412884158
4000 7232 2714711876030
4000 7250 916551717564
4000 7280 2682397044432
4000 7304 4652639652899
4000 7328 2182757921249
4000 7352 62814397614
4000 7376 597972284165
4000 7400 713326398729
4000 7424 2106046782761
4000 7448 1360379709895
4000 7472 437877271104
4000 7520 4369364199826
4000 7568 1530113046184
4000 7592 437877271104
4000 7736 6853293585251
4000 7750 148693652001
4000 7856 663296546462
4000 7875 1923391946602
4000 7880 89241058661
4000 7904 4694403492853
4000 7928 327235288299
4000 7952 2141088821386
4000 7976 1141406089597
4000 8000 3040966627343
4000 8024 1141406089597
4000 8048 2141088821386
4000 8072 327235288299
4000 8096 4694403492853
4000 8120 89241058661
4000 8125 1923391946602
4000 8144 663296546462
4000 8250 148693652001
4000 8264 6853293585251
4000 8408 437877271104
4000 8432 1530113046184
4000 8480 4369364199826
4000 8528 437877271104
4000 8552 1360379709895
4000 8576 2106046782761
4000 8600 713326398729
4000 8624 597972284165
4000 8648 62814397614
4000 8672 2182757921249
4000 8696 4652639652899
4000 8720 2682397044432
4000 8750 916551717564
4000 8768 2714711876030
4000 8792 1818412884158
4000 8816 357821350901
4000 8840 3290037491897
4000 8864 2106046782761
4000 8912 1673003105629
4000 8936 1337415859732
4000 8984 5191044794700
4000 9000 5505704661103
4000 9125 17469265810439
4000 9250 10290655611946
4000 9375 8910539976215
4000 9500 12131713985315
4000 9625 8574941852937
4000 9750 6309289426432
4000 9875 6465423759492
4000 10000 3690842242223
4000 10024 1256875762351
4000 10048 1452365479038
4000 10072 1471580771969
4000 10096 1173456077481
4000 10120 1406053171229
4000 10144 930158251738
4000 10168 1428835374824
4000 10192 936083925905
4000 10216 1202048893605
4000 10240 1832874303692
4000 10264 1525314555188
4000 10288 1472386203407
4000 10312 1348982600613
4000 10336 1603786589788
4000 10360 2041711169957
4000 10384 1802555563050
4000 10408 2523761886885
4000 10432 2340008456896
4000 10456 2391786192336
4000 10480 2403349886582
4000 10504 2938731671013
4000 10528 2227880894264
4000 10552 3707170795728
4000 10576 4063976923716
4000 10600 918019249319
4000 10624 3508229230014
4000 10648 3774884567519
4000 10672 2500749560025
4000 10696 2701934827610
4000 10720 4411750713406
4000 10744 3941896529715
4000 10768 3302556558691
4000 10792 2905133673796
4000 10816 3135947312213
4000 10840 2158613790415
4000 10864 4790303490277
4000 10912 4267693547256
4000 10936 3345647140739
4000 10960 3069096502682
4000 10984 4863942936232
4000 11008 2698540509398
4000 11032 2493040430526
4000 11056 2328617355101
4000 11080 4908471788709
4000 11104 3683755753146
4000 11128 2337822285847
4000 11152 3706020179387
4000 11176 3820564036341
4000 11200 3058971078864
4000 11224 2885803319232
4000 11248 1671385299943
4000 11272 5041828222868
4000 11296 4119321569816
4000 11320 2960650912346
4000 11344 2470545881020
4000 11368 3230988222152
4000 11392 2232828544542
4000 11416 2794444381593
4000 11440 2099587172015
4000 11464 2506445110923
4000 11488 1868313287059
4000 11512 2275458880050
4000 11536 2136867141528
4000 11560 2016685264495
4000 11584 2271891969387
4000 11608 1736682777412
4000 11632 1975263076147
4000 11656 1734093890638
4000 11680 1602808565894
4000 11704 1489357794467
4000 11728 1369521102336
4000 11752 966862913083
4000 11776 1342884333994
4000 11800 1266425878000
4000 11824 1223680480855
4000 11848 360718223555
4000 11872 1656139633396
4000 11896 634277259117
4000 11920 1612416212358
4000 11944 871074102520
4000 11968 1267116247805
4000 12000 135197420314
4000 12016 2100047418551
4000 12040 3153781865533
4000 12064 2883904802264
4000 12088 2561041856402
4000 12112 2804972521132
4000 12136 2654932149996
4000 12160 2341791912228
4000 12184 2585147268789
4000 12208 1915776211208
4000 12232 1655736917675
4000 12256 3014672349654
4000 12280 2585377392059
4000 12304 2020712421698
4000 12328 2590670227235
4000 12352 1220401224276
4000 12376 3725523126402
4000 12400 3088829572967
4000 12424 2937581054668
4000 12448 2859339143342
4000 12472 4179268681290
4000 12496 3293869405299
4000 12520 2793466357700
4000 12544 3237086488771
4000 12568 2342137097130
4000 12592 3926248147451
4000 12616 2976586948698
4000 12640 3510242808616
4000 12664 3617882967509
4000 12688 2495226601579
4000 12712 3123290532440
4000 12736 3588254596672
4000 12760 1703660088363
4000 12784 3564091653467
4000 12808 3417618192995
4000 12832 2643195863295
4000 12856 3778969255537
4000 12880 2956508693511
4000 12904 3904674091016
4000 12928 3194226029989
4000 12952 3540964264974
4000 12976 3058108116604
4000 13000 3642908872970
4000 13024 2280521591961
4000 13048 2750318244834
4000 13072 3086413278644
4000 13096 3808885280457
4000 13120 3285412375180
4000 13144 3519390208539
4000 13168 3232311430944
4000 13192 3402717711355
4000 13216 3602522239329
4000 13240 4587622421445
4000 13264 3458522603994
4000 13288 4324879179506
4000 13312 3157924084365
4000 13336 4797437311604
4000 13360 3388335007065
4000 13384 3889255832018
4000 13408 5645614148896
4000 13432 3439077187793
4000 13456 3136177435483
4000 13480 3765219390237
4000 13504 1785353848720
4000 13528 441031244301
4000 13552 1224313319842
4000 13576 1808768891305
4000 13600 1719768717167
4000 13624 1866242177639
4000 13648 1213497526219
4000 13696 1275515747109
4000 13720 585433595354
4000 13744 427051255732
4000 13768 1338051745353
4000 13816 691060175649
4000 13840 469336406338
4000 13864 57530819
4000 13888 1295536471478
4000 13912 674663892758
4000 13936 489011945804
4000 14002 56667854900
4000 14020 15189286344826
4000 14040 18284847023398
4000 14044 1187493596864
4000 14062 4161146473885
4000 14078 18672029422839
4000 14100 12147344387845
4000 14124 2033311670653
4000 14134 4116445028958
4000 14172 7444545270464
4000 14198 2099932356918
4000 14200 1487919524038
4000 14214 5893629501643
4000 14240 9593033637052
4000 14248 554769669813
4000 14262 1202624201778
4000 14286 7606436989930
4000 14310 7236283712367
4000 14320 11741924719366
4000 14360 9631291630459
4000 14384 9060585924298
4000 14400 5314869481081
4000 14426 5142334560435
4000 14440 5169604167768
4000 14462 2846797425202
4000 14472 888045693580
4000 14500 8201478231750
4000 14518 3617537782606
4000 14540 5397771388597
4000 14562 2077322745775
4000 14586 1041883098648
4000 14594 1064952956327
4000 14636 14926485572073
4000 14660 2106778524156
4000 14700 7920210066685
4000 14736 2277702581922
4000 14760 5542806578640
4000 14788 1004775721587
4000 14800 10307048608743
4000 14836 9927345215531
4000 14892 2106778524156
4000 14922 3499139360905
4000 14940 1769360281554
4000 14966 885801991713
4000 14980 10329830812337
4000 15072 1627201632369
4000 15140 679784135487
4000 15200 142043587553
4000 15300 858589915199
4000 15380 829766975804
4012 2202 163847767254
4012 13798 163847767254
4016 4374 254516335087
4016 11626 254516335087
4020 5994 473651217625
4020 10006 473651217625
4032 2000 647221692978
4032 4000 1267116247805
4032 6000 540185607665
4032 10000 540185607665
4032 12000 1267116247805
4032 14000 647221692978
4036 5460 386894745357
4036 10540 386894745357
4046 5464 253538311197
4046 10536 253538311197
4054 5432 195547247506
4054 10568 195547247506
4056 2000 871074102520
4056 4000 871074102520
4056 4620 361696247445
4056 6000 258313369020
4056 10000 258313369020
4056 11380 361696247445
4056 12000 871074102520
4056 14000 871074102520
4058 3988 348924406039
4058 12012 348924406039
4060 2640 286503469428
4060 4606 423829529972
4060 11394 423829529972
4060 13360 286503469428
4062 2608 411115219381
4062 5426 703084116435
4062 10574 703084116435
4062 13392 411115219381
4070 5418 190887251316
4070 10582 190887251316
4080 2000 1022955459806
4080 4000 1612416212358
4080 4718 2186171053
4080 4736 245196342712
4080 5418 605109134820
4080 6000 961368720044
4080 10000 961368720044
4080 10582 605109134820
4080 11264 245196342712
4080 11282 2186171053
4080 12000 1612416212358
4080 14000 1022955459806
4084 3990 470429491864
4084 4738 187550463923
4084 11262 187550463923
4084 12010 470429491864
4088 5452 575365702355
4088 10548 575365702355
4098 3978 718042128894
4098 5986 608503453032
4098 10014 608503453032
4098 12022 718042128894
4100 1984 1439593637632
4100 3998 214474886349
4100 5440 159245301882
4100 10560 159245301882
4100 12002 214474886349
4100 14016 1439593637632
4104 2000 1725176613980
4104 4000 634277259117
4104 5460 388563139056
4104 6000 409792010584
4104 10000 409792010584
4104 10540 388563139056
4104 12000 634277259117
4104 14000 1725176613980
4106 5400 169715910606
4106 10600 169715910606
4114 5392 38315524226
4114 5434 847256344218
4114 10566 847256344218
4114 10608 38315524226
4122 4620 82556722618
4122 4918 74732531486
4122 11082 74732531486
4122 11380 82556722618
4124 3972 209757359345
4124 12028 209757359345
4125 6000 368494187528
4125 6375 979504099172
4125 6625 1714882149994
4125 9375 1714882149994
4125 9625 979504099172
4125 10000 368494187528
4128 2000 1363480366536
4128 4000 1656139633396
4128 6000 583477547571
4128 10000 583477547571
4128 12000 1656139633396
4128 14000 1363480366536
4134 5390 184961577149
4134 10610 184961577149
4136 4614 372512041071
4136 11386 372512041071
4138 5994 444943339867
4138 10006 444943339867
4140 1980 38085400960
4140 4938 11391101800
4140 11062 11391101800
4140 14020 38085400960
4142 5418 549074118916
4142 10582 549074118916
4146 1976 1013923121515
4146 14024 1013923121515
4152 2000 1000863626021
4152 4000 360718223555
4152 6000 349183294716
4152 10000 349183294716
4152 12000 360718223555
4152 14000 1000863626021
4156 2806 674433769492
4156 4682 227131666126
4156 11318 227131666126
4156 13194 674433769492
4162 4632 909907404099
4162 5076 671672290267
4162 5360 152514196277
4162 10640 152514196277
4162 10924 671672290267
4162 11368 909907404099
4164 3996 345242433739
4164 12004 345242433739
4170 1998 57530819
4170 14002 57530819
4176 2000 2467151562808
4176 4000 1223680480855
4176 6000 304338022744
4176 10000 304338022744
4176 12000 1223680480855
4176 14000 2467151562808
4178 2832 535381784431
4178 13168 535381784431
4180 1974 774940107059
4180 14026 774940107059
4188 5030 57530819
4188 10970 57530819
4198 2868 409159171598
4198 3074 1222702456961
4198 12926 1222702456961
4198 13132 409159171598
4200 2000 1072892209096
4200 4000 1266425878000
4200 6000 683840058097
4200 8000 989008408599
4200 10000 683840058097
4200 12000 1266425878000
4200 14000 1072892209096
4202 1978 57530819
4202 14022 57530819
4210 5132 501553663944
4210 10868 501553663944
4214 3970 504372673988
4214 12030 504372673988
4216 3182 234150425815
4216 12818 234150425815
4218 5192 420320150123
4218 10808 420320150123
4220 1988 270682494709
4220 14012 270682494709
4222 5318 300598519629
4222 10682 300598519629
4224 2000 1900703137116
4224 4000 1342884333994
4224 6000 475348376731
4224 8000 1476010646365
4224 10000 475348376731
4224 12000 1342884333994
4224 14000 1900703137116
4228 3102 752560619186
4228 12898 752560619186
4230 3982 283626928570
4230 12018 283626928570
4236 5190 57530819
4236 10810 57530819
4238 1966 341445399806
4238 14034 341445399806
4244 2942 463640855440
4244 13058 463640855440
4246 3220 660798965826
4246 12780 660798965826
4248 2000 3050398987109
4248 4000 966862913083
4248 6000 735790385985
4248 10000 735790385985
4248 12000 966862913083
4248 14000 3050398987109
4250 4940 567311387953
4250 5750 255853550668
4250 6000 3627351702671
4250 6625 1727937517496
4250 9375 1727937517496
4250 10000 3627351702671
4250 10250 255853550668
4250 11060 567311387953
4258 1950 864342996915
4258 14050 864342996915
4260 3138 143079142265
4260 5298 1056898641925
4260 10702 1056898641925
4260 12862 143079142265
4262 3240 134967297045
4262 12760 134967297045
4268 3272 1016281885015
4268 12728 1016281885015
4272 2000 989817709124
4272 4000 1369521102336
4272 6000 688615115920
4272 10000 688615115920
4272 12000 1369521102336
4272 14000 989817709124
4276 4702 341215276540
4276 11298 341215276540
4280 5002 57530819
4280 5288 398400908789
4280 10712 398400908789
4280 10998 57530819
4292 5064 615177027823
4292 10936 615177027823
4294 3260 114371264503
4294 12740 114371264503
4296 2000 2006157124957
4296 3684 723392494889
4296 4000 1489357794467
4296 4668 57530819
4296 6000 810148967156
4296 8000 3110882048621
4296 10000 810148967156
4296 11332 57530819
4296 12000 1489357794467
4296 12316 723392494889
4296 14000 2006157124957
4302 5270 311299251619
4302 10730 311299251619
4320 2000 1498160009492
4320 4000 1602808565894
4320 6000 801404282949
4320 8000 2585756153409
4320 10000 801404282949
4320 12000 1602808565894
4320 14000 1498160009492
4322 3358 359395014759
4322 12642 359395014759
4324 5252 689967090123
4324 10748 689967090123
4336 4774 812450199842
4336 11226 812450199842
4340 5250 276780761327
4340 10750 276780761327
4344 2000 1764700285364
4344 4000 1734093890638
4344 6000 750633336810
4344 10000 750633336810
4344 12000 1734093890638
4344 14000 1764700285364
4358 3136 223219570556
4358 12864 223219570556
4366 5222 1166379786969
4366 10778 1166379786969
4368 2000 2078876077837
4368 4000 1975263076147
4368 4780 1191290630797
4368 6000 718301017571
4368 8000 6565050829713
4368 10000 718301017571
4368 11220 1191290630797
4368 12000 1975263076147
4368 14000 2078876077837
4374 4016 254516335087
4374 11984 254516335087
4382 5986 110976946291
4382 10014 110976946291
4388 5210 842078570674
4388 10790 842078570674
4390 3184 805834155869
4390 12816 805834155869
4392 2000 3060754534196
4392 4000 1736682777412
4392 6000 944454659798
4392 10000 944454659798
4392 12000 1736682777412
4392 14000 3060754534196
4394 5978 342480954518
4394 10022 342480954518
4400 5974 132493471908
4400 10026 132493471908
4404 1776 1084973680696
4404 14224 1084973680696
4414 4820 201357860040
4414 11180 201357860040
4416 2000 1891210552286
4416 4000 2271891969387
4416 5188 592452355047
4416 6000 983719442506
4416 10000 983719442506
4416 10812 592452355047
4416 12000 2271891969387
4416 14000 1891210552286
4420 1812 1011852012095
4420 14188 1011852012095
4430 3206 4441609207508
4430 12794 4441609207508
4440 1760 351858477711
4440 2000 1727650439117
4440 4000 2016685264495
4440 6000 1458578807289
4440 8000 1615068718441
4440 10000 1458578807289
4440 12000 2016685264495
4440 14000 1727650439117
4440 14240 351858477711
4444 4848 681452529182
4444 11152 681452529182
4454 1748 628639239038
4454 14252 628639239038
4464 2000 3150962855490
4464 4000 2136867141528
4464 6000 1207485555826
4464 8000 4850579977997
4464 10000 1207485555826
4464 12000 2136867141528
4464 14000 3150962855490
4466 1802 57530819
4466 14198 57530819
4468 5150 167414677917
4468 10850 167414677917
4470 1814 411517935102
4470 3214 1164883985725
4470 3240 2783225872246
4470 12760 2783225872246
4470 12786 1164883985725
4470 14186 411517935102
4478 5140 11276040163
4478 10860 11276040163
4484 3302 894374083468
4484 12698 894374083468
4486 5134 57530819
4486 10866 57530819
4488 2000 2200035978764
4488 3160 1155391400895
4488 4000 2275458880050
4488 6000 900875065808
4488 10000 900875065808
4488 12000 2275458880050
4488 12840 1155391400895
4488 14000 2200035978764
4500 5500 802382306839
4500 5750 553589073947
4500 6000 4889911168322
4500 6500 2080175497958
4500 6750 2857934123706
4500 7000 1762312756736
4500 7250 41602658928
4500 7500 186457927046
4500 7750 3187976971982
4500 8250 3187976971982
4500 8500 186457927046
4500 8750 41602658928
4500 9000 1762312756736
4500 9250 2857934123706
4500 9500 2080175497958
4500 10000 4889911168322
4500 10250 553589073947
4500 10500 802382306839
4502 1774 254746458357
4502 5106 1581982410087
4502 10894 1581982410087
4502 14226 254746458357
4504 1726 448855435433
4504 14274 448855435433
4510 1816 14555296742
4510 14184 14555296742
4512 2000 2068635592387
4512 4000 1868313287059
4512 6000 616672829071
4512 10000 616672829071
4512 12000 1868313287059
4512 14000 2068635592387
4520 1910 737372483458
4520 3974 874928667272
4520 12026 874928667272
4520 14090 737372483458
4526 1684 613336041673
4526 14316 613336041673
4528 1872 486480589853
4528 14128 486480589853
4530 3958 57530819
4530 12042 57530819
4536 2000 2267634688919
4536 4000 2506445110923
4536 6000 1398976880721
4536 10000 1398976880721
4536 12000 2506445110923
4536 14000 2267634688919
4540 5092 513750197181
4540 10908 513750197181
4542 5028 57530819
4542 10972 57530819
4546 3326 57530819
4546 5096 57530819
4546 10904 57530819
4546 12674 57530819
4552 1924 351570823627
4552 14076 351570823627
4558 4930 857899545393
4558 5064 1725982045418
4558 10936 1725982045418
4558 11070 857899545393
4560 1816 512599580841
4560 1944 125647304665
4560 1966 223507224644
4560 2000 2517491027815
4560 4000 2099587172015
4560 6000 1038690138299
4560 10000 1038690138299
4560 12000 2099587172015
4560 14000 2517491027815
4560 14034 223507224644
4560 14056 125647304665
4560 14184 512599580841
4566 1672 955471811284
4566 1888 197503295289
4566 5010 57530819
4566 5920 16683936976
4566 7010 2782559861692
4566 8990 2782559861692
4566 10080 16683936976
4566 10990 57530819
4566 14112 197503295289
4566 14328 955471811284
4580 1720 1180992614528
4580 14280 1180992614528
4584 2000 3117019673370
4584 4000 2794444381593
4584 6000 1130336730022
4584 8000 3416347452271
4584 10000 1130336730022
4584 12000 2794444381593
4584 14000 3117019673370
4586 5046 687493264986
4586 7046 1141406089597
4586 8954 1141406089597
4586 10954 687493264986
4588 3296 705327818303
4588 12704 705327818303
4594 1934 351858477711
4594 14066 351858477711
4596 5044 787309232748
4596 10956 787309232748
4598 1896 57530819
4598 14104 57530819
4600 3400 789322811345
4600 4966 482741086734
4600 4988 786216147221
4600 11012 786216147221
4600 11034 482741086734
4600 12600 789322811345
4604 3378 1428145005018
4604 5938 175411461504
4604 10062 175411461504
4604 12622 1428145005018
4606 4060 423829529972
4606 5906 502359095386
4606 10094 502359095386
4606 11940 423829529972
4608 2000 3095100432037
4608 4000 2232828544542
4608 6000 1507221113194
4608 8000 3937529201118
4608 10000 1507221113194
4608 12000 2232828544542
4608 14000 3095100432037
4614 4136 372512041071
4614 11864 372512041071
4616 1838 255264235711
4616 5916 57530819
4616 10084 57530819
4616 14162 255264235711
4618 1620 1800426922815
4618 1880 57530819
4618 14120 57530819
4618 14380 1800426922815
4620 3322 782073928386
4620 4056 361696247445
4620 4122 82556722618
4620 11878 82556722618
4620 11944 361696247445
4620 12678 782073928386
4622 1720 1476988668782
4622 14280 1476988668782
4624 1798 938787874312
4624 14202 938787874312
4625 7000 2637176338884
4625 9000 2637176338884
4626 5944 131918163735
4626 10056 131918163735
4630 4992 1145898816064
4630 11008 1145898816064
4632 2000 3081638220822
4632 3300 235243511342
4632 3384 439708035505
4632 3398 963813779773
4632 4000 3230988222152
4632 4162 909907404099
4632 6000 1674319371615
4632 10000 1674319371615
4632 11838 909907404099
4632 12000 3230988222152
4632 12602 963813779773
4632 12616 439708035505
4632 12700 235243511342
4632 14000 3081638220822
4634 1764 895754823079
4634 14236 895754823079
4638 1916 398458439608
4638 5000 141870995101
4638 11000 141870995101
4638 14084 398458439608
4640 3420 931423929716
4640 12580 931423929716
4648 1704 294327660559
4648 14296 294327660559
4650 1952 504372673988
4650 14048 504372673988
4656 2000 3705617463666
4656 4000 2470545881020
4656 6000 1476010644888
4656 8000 3150330019653
4656 10000 1476010644888
4656 12000 2470545881020
4656 14000 3705617463666
4660 1664 1538834297221
4660 3324 353239217326
4660 3458 1029686565411
4660 12542 1029686565411
4660 12676 353239217326
4660 14336 1538834297221
4664 3228 552756091212
4664 5918 340697499186
4664 10082 340697499186
4664 12772 552756091212
4666 5880 565700525073
4666 10120 565700525073
4668 4296 57530819
4668 11704 57530819
4674 1638 250028931353
4674 14362 250028931353
4676 3442 692555976893
4676 12558 692555976893
4680 1802 428144341259
4680 2000 2872456169650
4680 4000 2960650912346
4680 6000 1624382622325
4680 8000 3378655328623
4680 10000 1624382622325
4680 12000 2960650912346
4680 14000 2872456169650
4680 14198 428144341259
4682 4156 227131666126
4682 5188 614314065567
4682 10812 614314065567
4682 11844 227131666126
4684 1978 683408576969
4684 14022 683408576969
4686 1950 57530819
4686 3344 65642662373
4686 12656 65642662373
4686 14050 57530819
4690 4900 1278564880419
4690 11100 1278564880419
4692 3480 3341562452722
4692 12520 3341562452722
4696 3460 133298903346
4696 5120 57530819
4696 10880 57530819
4696 12540 133298903346
4700 5134 596306919799
4700 10866 596306919799
4702 4276 341215276540
4702 11724 341215276540
4704 2000 3016225681719
4704 4000 4119321569816
4704 6000 1346249886799
4704 8000 1337951189599
4704 10000 1346249886799
4704 12000 4119321569816
4704 14000 3016225681719
4706 5100 825049448800
4706 10900 825049448800
4710 5198 258140776569
4710 10802 258140776569
4712 1626 114313733685
4712 5168 467207766104
4712 10832 467207766104
4712 14374 114313733685
4714 1986 253998557733
4714 14014 253998557733
4718 4080 2186171053
4718 11920 2186171053
4722 1658 441491490837
4722 14342 441491490837
4724 5916 219710190711
4724 10084 219710190711
4726 1700 659360695397
4726 4900 577724465855
4726 11100 577724465855
4726 14300 659360695397
4728 2000 2410368646276
4728 4000 5041828222868
4728 6000 1745974004380
4728 10000 1745974004380
4728 12000 5041828222868
4728 14000 2410368646276
4736 4080 245196342712
4736 5204 641698734532
4736 7204 1586032290598
4736 8796 1586032290598
4736 10796 641698734532
4736 11920 245196342712
4738 1748 57530819
4738 4084 187550463923
4738 5150 217984266198
4738 10850 217984266198
4738 11916 187550463923
4738 14252 57530819
4740 4900 1187033350329
4740 11100 1187033350329
4742 1940 57530819
4742 4884 446439141111
4742 5090 794385523256
4742 5114 928202203955
4742 7090 1217331618004
4742 8910 1217331618004
4742 10886 928202203955
4742 10910 794385523256
4742 11116 446439141111
4742 14060 57530819
4746 1756 123691256882
4746 1838 1137556847574
4746 14162 1137556847574
4746 14244 123691256882
4750 5500 821343071648
4750 6000 9061218763289
4750 6125 559229892190
4750 6250 909491614125
4750 6500 474533896430
4750 6750 8344287653486
4750 7000 5308538889539
4750 7250 6161529740584
4750 7500 5861168352731
4750 7750 3455508679991
4750 8250 3455508679991
4750 8500 5861168352731
4750 8750 6161529740584
4750 9000 5308538889539
4750 9250 8344287653486
4750 9500 474533896430
4750 9750 909491614125
4750 9875 559229892190
4750 10000 9061218763289
4750 10500 821343071648
4752 2000 3640147393745
4752 4000 1671385299943
4752 5846 331492568440
4752 6000 2278565544178
4752 8000 3563014179456
4752 10000 2278565544178
4752 10154 331492568440
4752 12000 1671385299943
4752 14000 3640147393745
4754 1798 57530819
4754 14202 57530819
4758 4860 284489890826
4758 11140 284489890826
4760 4886 178978372167
4760 11114 178978372167
4768 3524 4097402328482
4768 12476 4097402328482
4770 1690 756012468216
4770 14310 756012468216
4774 4336 812450199842
4774 11664 812450199842
4776 1956 436831494647
4776 2000 2506445110923
4776 4000 2885803319232
4776 12000 2885803319232
4776 14000 2506445110923
4776 14044 436831494647
4780 4368 1191290630797
4780 5900 505465759510
4780 10100 505465759510
4780 11632 1191290630797
4792 3586 11736286702
4792 12414 11736286702
4796 3922 135197420314
4796 4806 111207069561
4796 11194 111207069561
4796 12078 135197420314
4800 2000 3103672523792
4800 4000 3058971078864
4800 4800 736624582834
4800 6000 2302009352166
4800 8000 6464551729754
4800 10000 2302009352166
4800 11200 736624582834
4800 12000 3058971078864
4800 14000 3103672523792
4806 1738 823438585920
4806 4796 111207069561
4806 11204 111207069561
4806 14262 823438585920
4808 1690 282936558764
4808 14310 282936558764
4810 3594 57530819
4810 12406 57530819
4812 1936 154527774878
4812 14064 154527774878
4820 1810 33770589673
4820 4414 201357860040
4820 5002 881889896147
4820 10998 881889896147
4820 11586 201357860040
4820 14190 33770589673
4822 5040 57530819
4822 7040 645559772037
4822 8960 645559772037
4822 10960 57530819
4824 1858 366643897722
4824 2000 3025373081643
4824 4000 3820564036341
4824 6000 2007911814881
4824 8000 1946581674422
4824 10000 2007911814881
4824 12000 3820564036341
4824 14000 3025373081643
4824 14142 366643897722
4834 3520 3410081655952
4834 12480 3410081655952
4840 3610 2599817627163
4840 12390 2599817627163
4846 5884 57530819
4846 10116 57530819
4848 1686 1141699066410
4848 1758 241341777960
4848 1978 154700367330
4848 1998 773616898263
4848 2000 2714994323104
4848 4000 3706020179387
4848 4444 681452529182
4848 6000 1119319578537
4848 8000 761571233912
4848 10000 1119319578537
4848 11556 681452529182
4848 12000 3706020179387
4848 14000 2714994323104
4848 14002 773616898263
4848 14022 154700367330
4848 14242 241341777960
4848 14314 1141699066410
4850 1632 57530819
4850 14368 57530819
4860 1660 659015510494
4860 1860 508169707917
4860 3560 73581915141
4860 3624 351570823627
4860 4758 284489890826
4860 11242 284489890826
4860 12376 351570823627
4860 12440 73581915141
4860 14140 508169707917
4860 14340 659015510494
4864 1964 57530819
4864 14036 57530819
4868 1906 552065721407
4868 14094 552065721407
4870 3922 150040371140
4870 3940 403808805603
4870 12060 403808805603
4870 12078 150040371140
4872 2000 3189393441348
4872 4000 2337822285847
4872 6000 1606289180332
4872 10000 1606289180332
4872 12000 2337822285847
4872 14000 3189393441348
4875 6000 8133372448972
4875 8000 8536877188933
4875 10000 8133372448972
4882 5262 1850248610473
4882 7262 2911890251420
4882 8738 2911890251420
4882 10738 1850248610473
4884 4742 446439141111
4884 11258 446439141111
4886 4760 178978372167
4886 11240 178978372167
4888 3792 616500236619
4888 5316 57530819
4888 10684 57530819
4888 12208 616500236619
4890 1824 213381800822
4890 14176 213381800822
4892 5786 154009997520
4892 10214 154009997520
4894 1800 87159187989
4894 5876 90208321298
4894 10124 90208321298
4894 14200 87159187989
4896 2000 4679499136438
4896 4000 3683755753146
4896 6000 1530060847603
4896 10000 1530060847603
4896 12000 3683755753146
4896 14000 4679499136438
4898 1662 1194915072279
4898 5368 1167530403313
4898 7368 6133300558108
4898 8632 6133300558108
4898 10632 1167530403313
4898 14338 1194915072279
4900 1722 949718729572
4900 3782 1670579868500
4900 4690 1278564880419
4900 4726 577724465855
4900 4740 1187033350329
4900 11260 1187033350329
4900 11274 577724465855
4900 11310 1278564880419
4900 12218 1670579868500
4900 14278 949718729572
4904 2208 57530819
4904 13792 57530819
4906 1856 467898135909
4906 14144 467898135909
4908 3888 545679800704
4908 5320 1660857160404
4908 5774 888103224398
4908 7774 199062391869
4908 8226 199062391869
4908 10226 888103224398
4908 10680 1660857160404
4908 12112 545679800704
4912 1918 852721771850
4912 14082 852721771850
4914 1766 477160597474
4914 14234 477160597474
4916 1938 1048556673439
4916 14062 1048556673439
4918 4122 74732531486
4918 11878 74732531486
4920 1678 78241911331
4920 2000 3275344482177
4920 3852 463065547268
4920 4000 4908471788709
4920 6000 2238639157073
4920 8000 3084446356458
4920 10000 2238639157073
4920 12000 4908471788709
4920 12148 463065547268
4920 14000 3275344482177
4920 14322 78241911331
4926 5188 836325488962
4926 10812 836325488962
4928 5860 334714294200
4928 10140 334714294200
4930 4558 857899545393
4930 5300 752042841832
4930 10700 752042841832
4930 11442 857899545393
4936 1960 597342474507
4936 14040 597342474507
4938 4140 11391101800
4938 11860 11391101800
4940 1660 152801850361
4940 1756 880163971630
4940 2174 469336406338
4940 4250 567311387953
4940 11750 567311387953
4940 13826 469336406338
4940 14244 880163971630
4940 14340 152801850361
4942 1760 146588522110
4942 3764 57530819
4942 12236 57530819
4942 14240 146588522110
4944 1720 912956537408
4944 2000 2858648773536
4944 4000 2328617355101
4944 6000 1249195398263
4944 10000 1249195398263
4944 12000 2328617355101
4944 14000 2858648773536
4944 14280 912956537408
4946 1804 891670135062
4946 14196 891670135062
4948 2202 401104857196
4948 13798 401104857196
4950 5314 658785387225
4950 7314 2817065685267
4950 8686 2817065685267
4950 10686 658785387225
4962 2180 307387156053
4962 13820 307387156053
4966 1942 102404854536
4966 3860 57530819
4966 4600 482741086734
4966 11400 482741086734
4966 12140 57530819
4966 14058 102404854536
4968 2000 3440745581492
4968 4000 2493040430526
4968 6000 1559056379449
4968 10000 1559056379449
4968 12000 2493040430526
4968 14000 3440745581492
4976 1918 934127878122
4976 14082 934127878122
4980 1724 187492933104
4980 3660 9527333443866
4980 3782 699172020866
4980 5378 1214878265829
4980 10622 1214878265829
4980 12218 699172020866
4980 12340 9527333443866
4980 14276 187492933104
4982 1806 651881689168
4982 3740 960419461561
4982 3888 57530819
4982 12112 57530819
4982 12260 960419461561
4982 14194 651881689168
4984 1840 534461291356
4984 14160 534461291356
4986 3770 492003548299
4986 12230 492003548299
4988 4600 786216147221
4988 11400 786216147221
4992 2000 4773101775947
4992 4000 2698540509398
4992 4630 1145898816064
4992 5726 385629067380
4992 6000 2124066534712
4992 8000 10852662671729
4992 10000 2124066534712
4992 10274 385629067380
4992 11370 1145898816064
4992 12000 2698540509398
4992 14000 4773101775947
4994 3722 798700334543
4994 12278 798700334543
4998 1794 12081471605
4998 14206 12081471605
5000 3708 6185770991145
5000 3880 550569920159
5000 4638 141870995101
5000 5020 2775631804384
5000 5362 413473982885
5000 5500 3806697094998
5000 5712 518122539287
5000 5750 1491676517251
5000 6000 14222757912487
5000 6250 4692380922527
5000 6500 7893889711000
5000 6625 11771005581272
5000 6750 4218229566990
5000 7000 5129019804645
5000 7250 605389337080
5000 7500 270682494976
5000 8000 4661981890505
5000 8500 270682494976
5000 8750 605389337080
5000 9000 5129019804645
5000 9250 4218229566990
5000 9375 11771005581272
5000 9500 7893889711000
5000 9750 4692380922527
5000 10000 14222757912487
5000 10250 1491676517251
5000 10288 518122539287
5000 10500 3806697094998
5000 10638 413473982885
5000 10980 2775631804384
5000 11362 141870995101
5000 12120 550569920159
5000 12292 6185770991145
5002 1666 1013290282524
5002 4280 57530819
5002 4820 881889896147
5002 11180 881889896147
5002 11720 57530819
5002 14334 1013290282524
5004 1766 445403586403
5004 5834 792947252827
5004 5844 282303719773
5004 10156 282303719773
5004 10166 792947252827
5004 14234 445403586403
5006 3722 1244334044211
5006 3728 601369631706
5006 3732 57530819
5006 12268 57530819
5006 12272 601369631706
5006 12278 1244334044211
5008 1942 604476295833
5008 2164 538373386922
5008 13836 538373386922
5008 14058 604476295833
5010 1620 77781664795
5010 2196 348981936853
5010 4566 57530819
5010 11434 57530819
5010 13804 348981936853
5010 14380 77781664795
5014 1618 89057704958
5014 3828 1333736934066
5014 12172 1333736934066
5014 14382 89057704958
5016 2000 3463757908352
5016 4000 4863942936232
5016 5730 57530819
5016 6000 1946727790836
5016 8000 4741352277469
5016 10000 1946727790836
5016 10270 57530819
5016 12000 4863942936232
5016 14000 3463757908352
5018 1700 470717145952
5018 14300 470717145952
5020 1640 525198829795
5020 1860 423369283432
5020 3660 4907033518280
5020 5000 2775631804384
5020 11000 2775631804384
5020 12340 4907033518280
5020 14140 423369283432
5020 14360 525198829795
5024 1738 534806476259
5024 2206 55172053652
5024 5318 1276033524463
5024 10682 1276033524463
5024 13794 55172053652
5024 14262 534806476259
5028 4542 57530819
5028 11458 57530819
5030 4188 57530819
5030 11812 57530819
5032 1794 956622427628
5032 14206 956622427628
5038 5374 402773250895
5038 7374 1100999658086
5038 8626 1100999658086
5038 10626 402773250895
5040 2000 2804339682141
5040 3756 164710729514
5040 4000 3069096502682
5040 4822 57530819
5040 5040 1078185044272
5040 6000 952250085523
5040 10000 952250085523
5040 10960 1078185044272
5040 11178 57530819
5040 12000 3069096502682
5040 12244 164710729514
5040 14000 2804339682141
5042 1708 47060208432
5042 1852 729835946410
5042 5402 11160978530
5042 5676 617363198876
5042 7402 1516969519708
5042 8598 1516969519708
5042 10324 617363198876
5042 10598 11160978530
5042 14148 729835946410
5042 14292 47060208432
5044 1804 26061460174
5044 1936 152801850361
5044 4596 787309232748
5044 11404 787309232748
5044 14064 152801850361
5044 14196 26061460174
5046 4586 687493264986
5046 11414 687493264986
5050 1632 1121333157138
5050 3938 699689798219
5050 12062 699689798219
5050 14368 1121333157138
5054 5692 473478625173
5054 10308 473478625173
5056 1964 584340509827
5056 14036 584340509827
5060 1724 328616027582
5060 14276 328616027582
5064 2000 2751066145458
5064 3766 795133423879
5064 4000 3345647140739
5064 4292 615177027823
5064 4558 1725982045418
5064 6000 1405707986327
5064 8000 8548141174639
5064 10000 1405707986327
5064 11442 1725982045418
5064 11708 615177027823
5064 12000 3345647140739
5064 12234 795133423879
5064 14000 2751066145458
5066 1948 548096095022
5066 14052 548096095022
5070 5442 1439018329460
5070 10558 1439018329460
5074 1668 74272284947
5074 3686 237429682394
5074 12314 237429682394
5074 14332 74272284947
5076 4162 671672290267
5076 5380 1942355448735
5076 10620 1942355448735
5076 11838 671672290267
5080 1782 1047060872192
5080 2220 346795765805
5080 3652 2533024348446
5080 5398 792659598742
5080 5704 200494897784
5080 10296 200494897784
5080 10602 792659598742
5080 12348 2533024348446
5080 13780 346795765805
5080 14218 1047060872192
5088 2000 2577783324192
5088 4000 4267693547256
5088 5396 892130381601
5088 6000 2140434052192
5088 8000 901863579161
5088 10000 2140434052192
5088 10604 892130381601
5088 12000 4267693547256
5088 14000 2577783324192
5090 4742 794385523256
5090 5438 642043919435
5090 10562 642043919435
5090 11258 794385523256
5092 4540 513750197181
5092 5656 992176472628
5092 10344 992176472628
5092 11460 513750197181
5094 1662 569382497369
5094 14338 569382497369
5096 1856 56207608360
5096 4546 57530819
5096 11454 57530819
5096 14144 56207608360
5098 1930 696640664914
5098 14070 696640664914
5100 2180 317339987419
5100 3666 2192441910897
5100 4706 825049448800
5100 5100 3587219041964
5100 10900 3587219041964
5100 11294 825049448800
5100 12334 2192441910897
5100 13820 317339987419
5102 1760 1257451070523
5102 14240 1257451070523
5106 1640 495282804874
5106 4502 1581982410087
5106 11498 1581982410087
5106 14360 495282804874
5112 1828 167989986089
5112 2000 4367969761553
5112 3792 175871708040
5112 5658 637096269157
5112 6000 1206219877848
5112 10000 1206219877848
5112 10342 637096269157
5112 12208 175871708040
5112 14000 4367969761553
5112 14172 167989986089
5114 1940 995513260026
5114 4742 928202203955
5114 5480 1125935622509
5114 10520 1125935622509
5114 11258 928202203955
5114 14060 995513260026
5116 1668 64894761753
5116 5778 193591199723
5116 10222 193591199723
5116 14332 64894761753
5120 4696 57530819
5120 11304 57530819
5124 1728 374755742939
5124 14272 374755742939
5132 1918 847601529125
5132 3650 57530819
5132 4210 501553663944
5132 11790 501553663944
5132 12350 57530819
5132 14082 847601529125
5134 4486 57530819
5134 4700 596306919799
5134 11300 596306919799
5134 11514 57530819
5136 2000 3918308894682
5136 4000 4790303490277
5136 6000 1712634895840
5136 10000 1712634895840
5136 12000 4790303490277
5136 14000 3918308894682
5140 3560 3079394518951
5140 4478 11276040163
5140 11522 11276040163
5140 12440 3079394518951
5142 3640 539293879997
5142 12360 539293879997
5144 5802 299390372470
5144 10198 299390372470
5148 1814 57530819
5148 14186 57530819
5150 3636 46945146800
5150 4468 167414677917
5150 4738 217984266198
5150 11262 217984266198
5150 11532 167414677917
5150 12364 46945146800
5152 1998 40386633645
5152 14002 40386633645
5160 2000 3639744678024
5160 3610 1983547513814
5160 4000 2158613790415
5160 6000 1547866635512
5160 10000 1547866635512
5160 12000 2158613790415
5160 12390 1983547513814
5160 14000 3639744678024
5162 5544 1170061759269
5162 5558 857611891309
5162 10442 857611891309
5162 10456 1170061759269
5164 1942 57530819
5164 14058 57530819
5168 4712 467207766104
5168 11288 467207766104
5170 5490 1459902016085
5170 10510 1459902016085
5174 3560 762398388919
5174 12440 762398388919
5180 1508 57530819
5180 5574 597054820419
5180 5752 676389817275
5180 10248 676389817275
5180 10426 597054820419
5180 14492 57530819
5184 2000 2873721847628
5184 4000 3135947312213
5184 6000 1596537706824
5184 8000 6110979376599
5184 10000 1596537706824
5184 12000 3135947312213
5184 14000 2873721847628
5188 1756 701588315188
5188 4416 592452355047
5188 4682 614314065567
5188 4926 836325488962
5188 11074 836325488962
5188 11318 614314065567
5188 11584 592452355047
5188 14244 701588315188
5190 1960 267460768948
5190 3594 561443244600
5190 4236 57530819
5190 11764 57530819
5190 12406 561443244600
5190 14040 267460768948
5192 4218 420320150123
5192 11782 420320150123
5194 5592 223277101374
5194 10408 223277101374
5198 4710 258140776569
5198 5604 57530819
5198 10396 57530819
5198 11290 258140776569
5200 3432 99298190408
5200 12568 99298190408
5202 1850 409734479770
5202 3598 1433207716925
5202 12402 1433207716925
5202 14150 409734479770
5204 4736 641698734532
5204 11264 641698734532
5208 2000 2917042552945
5208 4000 2905133673796
5208 6000 1863365636781
5208 10000 1863365636781
5208 12000 2905133673796
5208 14000 2917042552945
5210 4388 842078570674
5210 11612 842078570674
5214 1572 508745016089
5214 14428 508745016089
5216 3480 272293357589
5216 12520 272293357589
5218 1790 210102544247
5218 5748 40444164460
5218 10252 40444164460
5218 14210 210102544247
5220 3340 912381229236
5220 5778 342596016151
5220 10222 342596016151
5220 12660 912381229236
5222 4366 1166379786969
5222 11634 1166379786969
5230 3580 919342458111
5230 12420 919342458111
5232 2000 3552873144124
5232 4000 3302556558691
5232 6000 1627719409723
5232 10000 1627719409723
5232 12000 3302556558691
5232 14000 3552873144124
5234 1806 630019978649
5234 14194 630019978649
5238 3496 57530819
5238 12504 57530819
5240 1500 43378236136
5240 14500 43378236136
5250 4340 276780761327
5250 5500 1847214218687
5250 6000 25478113980463
5250 6250 3030371211749
5250 6500 2350839844777
5250 6625 1347051425662
5250 6750 14336528215077
5250 7000 13610341346142
5250 7250 9828019079878
5250 7500 7089752299671
5250 8000 22061043684079
5250 8500 7089752299671
5250 8750 9828019079878
5250 9000 13610341346142
5250 9250 14336528215077
5250 9375 1347051425662
5250 9500 2350839844777
5250 9750 3030371211749
5250 10000 25478113980463
5250 10500 1847214218687
5250 11660 276780761327
5252 3516 1289553266497
5252 3520 1153147699023
5252 4324 689967090123
5252 11676 689967090123
5252 12480 1153147699023
5252 12484 1289553266497
5254 1786 549994611987
5254 14214 549994611987
5256 1858 892418035685
5256 2000 3941896529715
5256 4000 3941896529715
5256 6000 1503021363544
5256 8000 2746859401850
5256 10000 1503021363544
5256 12000 3941896529715
5256 14000 3941896529715
5256 14142 892418035685
5262 4882 1850248610473
5262 11118 1850248610473
5268 1552 1025716939031
5268 1712 89000174139
5268 1778 270912617978
5268 5296 1988149979189
5268 7296 7968771762082
5268 8704 7968771762082
5268 10704 1988149979189
5268 14222 270912617978
5268 14288 89000174139
5268 14448 1025716939031
5270 4302 311299251619
5270 11698 311299251619
5274 3184 62651059882
5274 5698 923657269398
5274 10302 923657269398
5274 12816 62651059882
5280 1862 57530819
5280 2000 3527904769481
5280 4000 4411750713406
5280 6000 2076459783518
5280 8000 4316379127433
5280 10000 2076459783518
5280 12000 4411750713406
5280 14000 3527904769481
5280 14138 57530819
5282 1922 176562077845
5282 5712 778507017722
5282 5736 763606536078
5282 7712 940123547496
5282 8288 940123547496
5282 10264 763606536078
5282 10288 778507017722
5282 14078 176562077845
5286 1944 588597790300
5286 5680 1437177343309
5286 7680 1699379383783
5286 8320 1699379383783
5286 10320 1437177343309
5286 14056 588597790300
5288 1542 10470608725
5288 4280 398400908789
5288 5352 414912253314
5288 7352 5334160596811
5288 8648 5334160596811
5288 10648 414912253314
5288 11720 398400908789
5288 14458 10470608725
5290 1788 605281727271
5290 3528 350880453822
5290 12472 350880453822
5290 14212 605281727271
5292 1898 280750387712
5292 3500 2403292355768
5292 12500 2403292355768
5292 14102 280750387712
5296 5268 1988149979189
5296 7268 4415205890176
5296 8732 4415205890176
5296 10732 1988149979189
5298 4260 1056898641925
5298 11740 1056898641925
5300 4930 752042841832
5300 5738 56667854900
5300 10262 56667854900
5300 11070 752042841832
5302 1960 648544901770
5302 14040 648544901770
5304 2000 3046486891539
5304 4000 2701934827610
5304 6000 1574934884982
5304 10000 1574934884982
5304 12000 2701934827610
5304 14000 3046486891539
5308 1550 57530819
5308 3420 2387413850231
5308 12580 2387413850231
5308 14450 57530819
5310 3220 436658902196
5310 12780 436658902196
5312 5742 753653704712
5312 10258 753653704712
5314 3344 2261421360667
5314 4950 658785387225
5314 11050 658785387225
5314 12656 2261421360667
5316 1834 592509885866
5316 4888 57530819
5316 11112 57530819
5316 14166 592509885866
5318 4222 300598519629
5318 5024 1276033524463
5318 7024 4425829092841
5318 8976 4425829092841
5318 10976 1276033524463
5318 11778 300598519629
5320 4908 1660857160404
5320 11092 1660857160404
5324 5708 747152722372
5324 10292 747152722372
5326 3496 328385904312
5326 12504 328385904312
5328 2000 2591935905213
5328 4000 2500749560025
5328 5892 320734305631
5328 6000 946123053497
5328 8000 2270370419564
5328 10000 946123053497
5328 10108 320734305631
5328 12000 2500749560025
5328 14000 2591935905213
5332 5792 325681955909
5332 7792 1984409650978
5332 8208 1984409650978
5332 10208 325681955909
5336 1578 337130588523
5336 5872 516339083955
5336 10128 516339083955
5336 14422 337130588523
5340 5800 57530819
5340 7800 2270994343659
5340 8200 2270994343659
5340 10200 57530819
5342 3300 363249579511
5342 12700 363249579511
5344 1944 47060208432
5344 14056 47060208432
5346 5682 766368015303
5346 5876 110056453216
5346 7682 5097176282061
5346 8318 5097176282061
5346 10124 110056453216
5346 10318 766368015303
5348 1924 401967819453
5348 14076 401967819453
5350 1854 155735922038
5350 14146 155735922038
5352 1772 512426988385
5352 2000 3086413278644
5352 4000 3774884567519
5352 5288 414912253314
5352 6000 1864487487718
5352 8000 5628156723367
5352 10000 1864487487718
5352 10712 414912253314
5352 12000 3774884567519
5352 14000 3086413278644
5352 14228 512426988385
5354 1968 638937255307
5354 14032 638937255307
5358 3460 388275484972
5358 12540 388275484972
5360 3464 56667854900
5360 4162 152514196277
5360 5838 392072518901
5360 10162 392072518901
5360 11838 152514196277
5360 12536 56667854900
5362 5000 413473982885
5362 11000 413473982885
5364 3300 3335119001200
5364 5706 57530819
5364 7706 926583977891
5364 8294 926583977891
5364 10294 57530819
5364 12700 3335119001200
5366 1692 497584037560
5366 1998 640375525736
5366 3456 1599816963403
5366 12544 1599816963403
5366 14002 640375525736
5366 14308 497584037560
5368 1592 724543111234
5368 4898 1167530403313
5368 11102 1167530403313
5368 14408 724543111234
5370 1830 324071093029
5370 14170 324071093029
5372 5858 515648714146
5372 7858 1617228589014
5372 8142 1617228589014
5372 10142 515648714146
5374 1928 427051255732
5374 1958 703084116435
5374 5038 402773250895
5374 7038 8740282951895
5374 8962 8740282951895
5374 10962 402773250895
5374 14042 703084116435
5374 14072 427051255732
5375 6125 2024283894126
5375 9875 2024283894126
5376 1464 57530819
5376 2000 2672363987592
5376 4000 3508229230014
5376 6000 1292516103576
5376 10000 1292516103576
5376 12000 3508229230014
5376 14000 2672363987592
5376 14536 57530819
5378 1720 717581882354
5378 4980 1214878265829
5378 5924 756472714752
5378 10076 756472714752
5378 11020 1214878265829
5378 14280 717581882354
5380 1480 99298190408
5380 5076 1942355448735
5380 10924 1942355448735
5380 14520 99298190408
5386 5824 183638368357
5386 7824 1798824569305
5386 8176 1798824569305
5386 10176 183638368357
5390 4134 184961577149
5390 5842 734265819330
5390 10158 734265819330
5390 11866 184961577149
5392 4114 38315524226
5392 11886 38315524226
5394 5906 420377680941
5394 10094 420377680941
5396 1946 452019630375
5396 5088 892130381601
5396 10912 892130381601
5396 14054 452019630375
5398 1788 540041780621
5398 5080 792659598742
5398 10920 792659598742
5398 14212 540041780621
5400 1838 540559557975
5400 1964 545737331518
5400 2000 2890405784603
5400 3902 1044471985422
5400 4000 918019249319
5400 4106 169715910606
5400 5894 5005181097
5400 6000 1485330637268
5400 8000 754941962450
5400 10000 1485330637268
5400 10106 5005181097
5400 11894 169715910606
5400 12000 918019249319
5400 12098 1044471985422
5400 14000 2890405784603
5400 14036 545737331518
5400 14162 540559557975
5402 1890 57530819
5402 3922 1157347448677
5402 5042 11160978530
5402 5940 1283109814975
5402 7940 2107040183387
5402 8060 2107040183387
5402 10060 1283109814975
5402 10958 11160978530
5402 12078 1157347448677
5402 14110 57530819
5404 1488 495455397326
5404 14512 495455397326
5406 3914 798412680459
5406 12086 798412680459
5412 3296 3199921580890
5412 12704 3199921580890
5414 1620 415487561482
5414 14380 415487561482
5418 4070 190887251316
5418 4080 605109134820
5418 4142 549074118916
5418 5924 30721456363
5418 7924 3010592473106
5418 8076 3010592473106
5418 10076 30721456363
5418 11858 549074118916
5418 11920 605109134820
5418 11930 190887251316
5420 5880 308767895664
5420 10120 308767895664
5424 2000 2251238406031
5424 4000 4063976923716
5424 6000 1176505210790
5424 10000 1176505210790
5424 12000 4063976923716
5424 14000 2251238406031
5426 4062 703084116435
5426 11938 703084116435
5428 1590 497584037560
5428 3396 1057589011731
5428 12604 1057589011731
5428 14410 497584037560
5430 1830 741974948829
5430 1860 221608707675
5430 14140 221608707675
5430 14170 741974948829
5432 1622 87216718808
5432 4054 195547247506
5432 11946 195547247506
5432 14378 87216718808
5434 4114 847256344218
5434 11886 847256344218
5436 3220 2199863386312
5436 5952 236336596868
5436 10048 236336596868
5436 12780 2199863386312
5438 5090 642043919435
5438 10910 642043919435
5440 1660 531527219683
5440 1756 766252953667
5440 1944 587677297225
5440 4100 159245301882
5440 5964 175238869053
5440 10036 175238869053
5440 11900 159245301882
5440 14056 587677297225
5440 14244 766252953667
5440 14340 531527219683
5442 5070 1439018329460
5442 10930 1439018329460
5444 1806 406052507470
5444 14194 406052507470
5446 1404 1663733701258
5446 3962 113795956331
5446 3978 464849002604
5446 12022 464849002604
5446 12038 113795956331
5446 14596 1663733701258
5448 2000 2449432071125
5448 4000 3707170795728
5448 6000 1888506603879
5448 10000 1888506603879
5448 12000 3707170795728
5448 14000 2449432071125
5452 4088 575365702355
5452 11912 575365702355
5454 1862 81693760361
5454 14138 81693760361
5460 3956 872397311316
5460 3990 935796271817
5460 4036 386894745357
5460 4104 388563139056
5460 11896 388563139056
5460 11964 386894745357
5460 12010 935796271817
5460 12044 872397311316
5464 4046 253538311197
5464 11954 253538311197
5472 2000 3092338952812
5472 4000 2227880894264
5472 6000 913704438032
5472 8000 9138492330032
5472 10000 913704438032
5472 12000 2227880894264
5472 14000 3092338952812
5474 5972 339086636306
5474 10028 339086636306
5476 1402 536359808324
5476 3344 2238639157073
5476 3978 907893825498
5476 12022 907893825498
5476 12656 2238639157073
5476 14598 536359808324
5478 1746 1026522370469
5478 1808 2416294323
5478 5934 117132743728
5478 7934 124987030929
5478 8066 124987030929
5478 10066 117132743728
5478 14192 2416294323
5478 14254 1026522370469
5480 3300 1592337957174
5480 5114 1125935622509
5480 5962 65872785642
5480 10038 65872785642
5480 10886 1125935622509
5480 12700 1592337957174
5482 3942 555977816972
5482 3950 960534523194
5482 12050 960534523194
5482 12058 555977816972
5484 3970 173628006172
5484 5964 267173114864
5484 10036 267173114864
5484 12030 173628006172
5486 1828 335922441360
5486 1864 438384826709
5486 14136 438384826709
5486 14172 335922441360
5490 5170 1459902016085
5490 10830 1459902016085
5492 1794 80370551565
5492 3940 346450580898
5492 12060 346450580898
5492 14206 80370551565
5494 1814 117075212910
5494 14186 117075212910
5496 1902 448912966252
5496 2000 1599701901766
5496 3936 1276263647733
5496 4000 2938731671013
5496 6000 1458636338108
5496 10000 1458636338108
5496 12000 2938731671013
5496 12064 1276263647733
5496 14000 1599701901766
5496 14098 448912966252
5500 2000 402819591901
5500 3000 1627322369562
5500 3250 1127267711446
5500 3964 545909923969
5500 4500 802382306839
5500 4750 821343071648
5500 5000 3806697094998
5500 5250 1847214218687
5500 5500 8107369899038
5500 6000 13289870954087
5500 6125 2457086974135
5500 6500 238002533266
5500 6625 3844868944944
5500 6750 11730540798500
5500 7000 2668400735882
5500 7250 2000673470835
5500 7500 1001370268761
5500 8000 4614896923774
5500 8500 1001370268761
5500 8750 2000673470835
5500 9000 2668400735882
5500 9250 11730540798500
5500 9375 3844868944944
5500 9500 238002533266
5500 9875 2457086974135
5500 10000 13289870954087
5500 10500 8107369899038
5500 10750 1847214218687
5500 11000 3806697094998
5500 11250 821343071648
5500 11500 802382306839
5500 12036 545909923969
5500 12750 1127267711446
5500 13000 1627322369562
5500 14000 402819591901
5502 1764 945461449099
5502 14236 945461449099
5504 1866 92509553984
5504 14134 92509553984
5506 1808 294730376281
5506 1896 467207766104
5506 14104 467207766104
5506 14192 294730376281
5514 3306 57530819
5514 12694 57530819
5520 1860 678230803421
5520 2000 3090843151564
5520 3960 594005687109
5520 4000 2403349886582
5520 6000 1216460363303
5520 8000 3125282856603
5520 10000 1216460363303
5520 12000 2403349886582
5520 12040 594005687109
5520 14000 3090843151564
5520 14140 678230803421
5522 3786 299102718382
5522 12214 299102718382
5526 3882 202796130469
5526 12118 202796130469
5528 1450 424174714874
5528 1790 346450580898
5528 3288 311989621424
5528 12712 311989621424
5528 14210 346450580898
5528 14550 424174714874
5534 1460 90093259666
5534 14540 90093259666
5536 3838 769762333515
5536 3866 552813622030
5536 3980 47060208432
5536 12020 47060208432
5536 12134 552813622030
5536 12162 769762333515
5544 2000 3246291419513
5544 4000 2391786192336
5544 5162 1170061759269
5544 6000 1421011183692
5544 10000 1421011183692
5544 10838 1170061759269
5544 12000 2391786192336
5544 14000 3246291419513
5548 3972 437751987722
5548 12028 437751987722
5552 3834 419457187866
5552 12166 419457187866
5558 5162 857611891309
5558 10838 857611891309
5560 3218 7103560117194
5560 3812 341272807354
5560 3838 57530819
5560 12162 57530819
5560 12188 341272807354
5560 12782 7103560117194
5562 1846 753826297164
5562 3244 144459881875
5562 12756 144459881875
5562 14154 753826297164
5568 2000 1303360662610
5568 4000 2340008456896
5568 6000 926246156172
5568 8000 5985152787432
5568 10000 926246156172
5568 12000 2340008456896
5568 14000 1303360662610
5570 3206 1378323317361
5570 3782 440801121032
5570 12218 440801121032
5570 12794 1378323317361
5572 3764 1070475914773
5572 12236 1070475914773
5574 1908 289264948649
5574 5180 597054820419
5574 10820 597054820419
5574 14092 289264948649
5576 3774 57530819
5576 12226 57530819
5582 3214 57530819
5582 12786 57530819
5588 1888 535266722798
5588 14112 535266722798
5592 2000 3855945488889
5592 4000 2523761886885
5592 5194 223277101374
5592 6000 1364285797978
5592 10000 1364285797978
5592 10806 223277101374
5592 12000 2523761886885
5592 14000 3855945488889
5604 5198 57530819
5604 10802 57530819
5610 3184 527730185750
5610 12816 527730185750
5616 2000 1338109276172
5616 4000 1802555563050
5616 6000 790818612592
5616 10000 790818612592
5616 12000 1802555563050
5616 14000 1338109276172
5618 3174 573294592935
5618 12826 573294592935
5625 6750 881889896717
5625 7000 3562100513198
5625 9000 3562100513198
5625 9250 881889896717
5626 3156 646934038890
5626 12844 646934038890
5634 3626 57530819
5634 12374 57530819
5640 2000 2499138697145
5640 3138 1306985104092
5640 4000 2041711169957
5640 6000 1179439282462
5640 10000 1179439282462
5640 12000 2041711169957
5640 12862 1306985104092
5640 14000 2499138697145
5650 3116 1379876649427
5650 12884 1379876649427
5656 1920 1025774469845
5656 5092 992176472628
5656 10908 992176472628
5656 14080 1025774469845
5658 5112 637096269157
5658 10888 637096269157
5664 2000 1598436223793
5664 3100 517834885199
5664 4000 1603786589788
5664 6000 993240792747
5664 8000 2414856052434
5664 10000 993240792747
5664 12000 1603786589788
5664 12900 517834885199
5664 14000 1598436223793
5676 3500 243527949013
5676 5042 617363198876
5676 7042 2171716809670
5676 8958 2171716809670
5676 10958 617363198876
5676 12500 243527949013
5680 3084 803590454002
5680 5286 1437177343309
5680 10714 1437177343309
5680 12916 803590454002
5682 5346 766368015303
5682 10654 766368015303
5686 3492 364055010949
5686 12508 364055010949
5688 2000 1866472300909
5688 4000 1348982600613
5688 6000 824560436853
5688 8000 1559331591493
5688 10000 824560436853
5688 12000 1348982600613
5688 14000 1866472300909
5692 3460 180991950769
5692 5054 473478625173
5692 7054 347408107182
5692 8946 347408107182
5692 10946 473478625173
5692 12540 180991950769
5698 3036 1294270793501
5698 5274 923657269398
5698 7274 3143179024864
5698 8726 3143179024864
5698 10726 923657269398
5698 12964 1294270793501
5700 1952 114141141233
5700 3054 172707513097
5700 5992 187205279020
5700 7992 408022816529
5700 8008 408022816529
5700 10008 187205279020
5700 12946 172707513097
5700 14048 114141141233
5704 3400 327235287971
5704 5080 200494897784
5704 10920 200494897784
5704 12600 327235287971
5706 5364 57530819
5706 10636 57530819
5708 3340 472443070466
5708 5324 747152722372
5708 10676 747152722372
5708 12660 472443070466
5710 3024 809401066533
5710 12976 809401066533
5712 2000 1449258814914
5712 4000 1472386203407
5712 5000 518122539287
5712 5282 778507017722
5712 6000 565182747719
5712 8000 3664172668650
5712 10000 565182747719
5712 10718 778507017722
5712 11000 518122539287
5712 12000 1472386203407
5712 14000 1449258814914
5720 1950 57530819
5720 3018 404671767859
5720 12982 404671767859
5720 14050 57530819
5726 4992 385629067380
5726 11008 385629067380
5730 5016 57530819
5730 7016 2274864742332
5730 8984 2274864742332
5730 10984 57530819
5736 2000 1385342077055
5736 3558 118398421706
5736 4000 1525314555188
5736 5282 763606536078
5736 6000 925009243602
5736 8000 1325372919483
5736 10000 925009243602
5736 10718 763606536078
5736 12000 1525314555188
5736 12442 118398421706
5736 14000 1385342077055
5738 1934 1034806808140
5738 3144 563974600556
5738 5300 56667854900
5738 10700 56667854900
5738 12856 563974600556
5738 14066 1034806808140
5740 2990 234150425815
5740 13010 234150425815
5742 5312 753653704712
5742 10688 753653704712
5748 1930 598262967582
5748 5218 40444164460
5748 10782 40444164460
5748 14070 598262967582
5750 1875 2467339894295
5750 2000 5405188044031
5750 2500 110602405453
5750 2750 2272056381096
5750 3000 755686269680
5750 3250 564232898708
5750 3500 3090681364741
5750 4250 255853550668
5750 4500 553589073947
5750 5000 1491676517251
5750 5750 1899272909488
5750 6000 3036449369659
5750 6250 80109875918
5750 6500 1836280574381
5750 6750 1722522358224
5750 7000 2164888055560
5750 7750 2537005900536
5750 8250 2537005900536
5750 9000 2164888055560
5750 9250 1722522358224
5750 9500 1836280574381
5750 9750 80109875918
5750 10000 3036449369659
5750 10250 1899272909488
5750 11000 1491676517251
5750 11500 553589073947
5750 11750 255853550668
5750 12500 3090681364741
5750 12750 564232898708
5750 13000 755686269680
5750 13250 2272056381096
5750 13500 110602405453
5750 14000 5405188044031
5750 14125 2467339894295
5752 5180 676389817275
5752 10820 676389817275
5758 2956 873950643378
5758 2968 57530819
5758 13032 57530819
5758 13044 873950643378
5760 2000 2413245187134
5760 4000 1832874303692
5760 6000 620642455451
5760 8000 2362554261396
5760 10000 620642455451
5760 12000 1832874303692
5760 14000 2413245187134
5774 4908 888103224398
5774 11092 888103224398
5776 1954 427051255732
5776 14046 427051255732
5778 3150 586986927420
5778 5116 193591199723
5778 5220 342596016151
5778 10780 342596016151
5778 10884 193591199723
5778 12850 586986927420
5780 3160 131342855563
5780 12840 131342855563
5784 2000 1315039418493
5784 4000 1202048893605
5784 6000 756789134247
5784 10000 756789134247
5784 12000 1202048893605
5784 14000 1315039418493
5786 2420 277471131133
5786 4892 154009997520
5786 11108 154009997520
5786 13580 277471131133
5788 2492 497584037560
5788 3556 113508302247
5788 12444 113508302247
5788 13508 497584037560
5792 5332 325681955909
5792 10668 325681955909
5796 1960 404901891129
5796 3500 57530819
5796 12500 57530819
5796 14040 404901891129
5800 2400 80370551565
5800 5340 57530819
5800 10660 57530819
5800 13600 80370551565
5802 3086 563686946471
5802 5144 299390372470
5802 10856 299390372470
5802 12914 563686946471
5804 3976 105684111115
5804 12024 105684111115
5808 2000 1242377996428
5808 4000 936083925905
5808 6000 447762349907
5808 10000 447762349907
5808 12000 936083925905
5808 14000 1242377996428
5810 2402 88022150246
5810 13598 88022150246
5818 3066 253480780379
5818 12934 253480780379
5824 5386 183638368357
5824 10614 183638368357
5830 1962 1415258101976
5830 3034 691865607088
5830 12966 691865607088
5830 14038 1415258101976
5832 2000 1149465726727
5832 4000 1428835374824
5832 6000 523616732322
5832 8000 2223148605065
5832 10000 523616732322
5832 12000 1428835374824
5832 14000 1149465726727
5834 5004 792947252827
5834 10996 792947252827
5836 3824 225693395697
5836 12176 225693395697
5838 5360 392072518901
5838 10640 392072518901
5842 3990 160223325776
5842 5390 734265819330
5842 10610 734265819330
5842 12010 160223325776
5844 1966 317339987419
5844 3002 485099850238
5844 5004 282303719773
5844 10996 282303719773
5844 12998 485099850238
5844 14034 317339987419
5846 4752 331492568440
5846 11248 331492568440
5848 3018 113508302247
5848 12982 113508302247
5856 1978 774422329705
5856 2000 1648545565530
5856 4000 930158251738
5856 6000 680675863151
5856 10000 680675863151
5856 12000 930158251738
5856 14000 1648545565530
5856 14022 774422329705
5858 5372 515648714146
5858 10628 515648714146
5860 1966 565182747719
5860 1976 57530819
5860 4928 334714294200
5860 11072 334714294200
5860 14024 57530819
5860 14034 565182747719
5870 1940 1081521831670
5870 14060 1081521831670
5872 1972 535094130347
5872 5336 516339083955
5872 10664 516339083955
5872 14028 535094130347
5875 750 210185384519
5875 875 2835109790889
5875 1875 12282420848657
5875 2000 6519838189907
5875 3625 1071425173259
5875 3875 3575458710087
5875 6000 3781585203965
5875 6250 2284103168336
5875 6375 4899933378104
5875 6500 357821350542
5875 7000 2631154863052
5875 7625 2957538167172
5875 8375 2957538167172
5875 9000 2631154863052
5875 9500 357821350542
5875 9625 4899933378104
5875 9750 2284103168336
5875 10000 3781585203965
5875 12125 3575458710087
5875 12375 1071425173259
5875 14000 6519838189907
5875 14125 12282420848657
5875 15125 2835109790889
5875 15250 210185384519
5876 3998 113508302247
5876 4894 90208321298
5876 5346 110056453216
5876 10654 110056453216
5876 11106 90208321298
5876 12002 113508302247
5880 2000 790991205044
5880 3990 19848131922
5880 4000 1406053171229
5880 4666 565700525073
5880 5420 308767895664
5880 5934 326257264078
5880 6000 697273503901
5880 7934 797362425889
5880 8066 797362425889
5880 10000 697273503901
5880 10066 326257264078
5880 10580 308767895664
5880 11334 565700525073
5880 12000 1406053171229
5880 12010 19848131922
5880 14000 790991205044
5884 4846 57530819
5884 11154 57530819
5892 5328 320734305631
5892 7328 2775687803149
5892 8672 2775687803149
5892 10672 320734305631
5894 5400 5005181097
5894 10600 5005181097
5896 1962 682200429806
5896 14038 682200429806
5898 3318 452134692012
5898 12682 452134692012
5900 1962 57530819
5900 4780 505465759510
5900 11220 505465759510
5900 14038 57530819
5904 2000 1587275245263
5904 3994 309745919557
5904 4000 1173456077481
5904 5976 284432360008
5904 6000 491140586043
5904 8000 491140586534
5904 10000 491140586043
5904 10024 284432360008
5904 12000 1173456077481
5904 12006 309745919557
5904 14000 1587275245263
5906 4606 502359095386
5906 5394 420377680941
5906 10606 420377680941
5906 11394 502359095386
5908 5944 662122174622
5908 10056 662122174622
5912 3822 113795956331
5912 3986 675641916652
5912 12014 675641916652
5912 12178 113795956331
5916 4616 57530819
5916 4724 219710190711
5916 5968 468876159802
5916 10032 468876159802
5916 11276 219710190711
5916 11384 57530819
5918 3260 977793768342
5918 3948 342480954518
5918 4664 340697499186
5918 11336 340697499186
5918 12052 342480954518
5918 12740 977793768342
5920 4566 16683936976
5920 11434 16683936976
5924 5378 756472714752
5924 5418 30721456363
5924 7378 2572027721510
5924 8622 2572027721510
5924 10582 30721456363
5924 10622 756472714752
5926 5984 555690162888
5926 10016 555690162888
5928 1982 1107583291839
5928 2000 3106779187916
5928 4000 1471580771969
5928 6000 583995324925
5928 8000 5984348922492
5928 10000 583995324925
5928 12000 1471580771969
5928 14000 3106779187916
5928 14018 1107583291839
5930 1998 57530819
5930 14002 57530819
5934 5478 117132743728
5934 5880 326257264078
5934 5934 429467550051
5934 7478 3846897683936
5934 7934 3469974086554
5934 8066 3469974086554
5934 8522 3846897683936
5934 10066 429467550051
5934 10120 326257264078
5934 10522 117132743728
5936 1974 559717320087
5936 14026 559717320087
5938 4604 175411461504
5938 5990 22552080325
5938 10010 22552080325
5938 11396 175411461504
5940 3962 507076622390
5940 5402 1283109814975
5940 5992 468876159802
5940 7402 347408107182
5940 8598 347408107182
5940 10008 468876159802
5940 10598 1283109814975
5940 12038 507076622390
5944 4626 131918163735
5944 5908 662122174622
5944 10092 662122174622
5944 11374 131918163735
5948 3980 59889580661
5948 12020 59889580661
5952 2000 1333679403252
5952 4000 1452365479038
5952 5436 236336596868
5952 5992 49821687658
5952 6000 837619932347
5952 7436 1465543985980
5952 8000 1530113046184
5952 8564 1465543985980
5952 10000 837619932347
5952 10008 49821687658
5952 10564 236336596868
5952 12000 1452365479038
5952 14000 1333679403252
5956 1992 1436774627588
5956 14008 1436774627588
5958 3952 468991221435
5958 12048 468991221435
5960 1986 1304511278955
5960 3916 37912808508
5960 3970 417788794172
5960 5990 344552063934
5960 10010 344552063934
5960 12030 417788794172
5960 12084 37912808508
5960 14014 1304511278955
5962 5480 65872785642
5962 7480 1684671101172
5962 8520 1684671101172
5962 10520 65872785642
5964 5440 175238869053
5964 5484 267173114864
5964 7440 454319322741
5964 8560 454319322741
5964 10516 267173114864
5964 10560 175238869053
5968 5916 468876159802
5968 10084 468876159802
5972 5474 339086636306
5972 7474 1347051427009
5972 8526 1347051427009
5972 10526 339086636306
5974 4400 132493471908
5974 11600 132493471908
5976 1994 1018813240970
5976 2000 2038086728475
5976 4000 1256875762351
5976 5904 284432360008
5976 6000 431394832427
5976 10000 431394832427
5976 10096 284432360008
5976 12000 1256875762351
5976 14000 2038086728475
5976 14006 1018813240970
5978 2188 741974948829
5978 2202 208836866270
5978 2220 87216718808
5978 4394 342480954518
5978 11606 342480954518
5978 13780 87216718808
5978 13798 208836866270
5978 13812 741974948829
5980 2190 572949408032
5980 13810 572949408032
5984 5926 555690162888
5984 10074 555690162888
5986 2216 57530819
5986 3998 672707844975
5986 4098 608503453032
5986 4382 110976946291
5986 11618 110976946291
5986 11902 608503453032
5986 12002 672707844975
5986 13784 57530819
5988 3970 267173114864
5988 3982 119721630498
5988 12018 119721630498
5988 12030 267173114864
5990 2078 589748406641
5990 5938 22552080325
5990 5960 344552063934
5990 7938 1390847307176
5990 8062 1390847307176
5990 10040 344552063934
5990 10062 22552080325
5990 13922 589748406641
5992 5700 187205279020
5992 5940 468876159802
5992 5952 49821687658
5992 7700 2638496643057
5992 7940 555690163445
5992 8060 555690163445
5992 8300 2638496643057
5992 10048 49821687658
5992 10060 468876159802
5992 10300 187205279020
5994 2046 313658015123
5994 4020 473651217625
5994 4138 444943339867
5994 11862 444943339867
5994 11980 473651217625
5994 13954 313658015123
5996 3998 691750545455
5996 12002 691750545455
6000 620 28765412
6000 700 615982459265
6000 750 6078848843414
6000 800 303705183753
6000 860 380422528429
6000 928 907347282737
6000 1000 3335873532716
6000 1020 5172940955161
6000 1060 1819268265433
6000 1100 1749569680455
6000 1164 3464563339794
6000 1166 1572691183115
6000 1200 5917533556171
6000 1240 2969453127372
6000 1250 22706866988232
6000 1264 921614925390
6000 1300 3884193120111
6000 1320 813313162098
6000 1346 611408759301
6000 1364 6924437917987
6000 1370 127632117856
6000 1400 853153252978
6000 1430 1053389262080
6000 1460 2995888537855
6000 1482 2011421194726
6000 1500 18045916033489
6000 1538 1694771577112
6000 1560 2374728305051
6000 1568 261736452643
6000 1576 2447533554156
6000 1600 2621966991766
6000 1616 4338801637256
6000 1640 5114460879527
6000 1680 6009381505756
6000 1690 3670005887847
6000 1714 3948311215829
6000 1748 656023908004
6000 1750 14718914384352
6000 1760 4671818772350
6000 1786 3020051481060
6000 1800 1657980619546
6000 1828 3535297479484
6000 1866 2930188344664
6000 1875 43748855164561
6000 1900 6085322184397
6000 1922 9561046502716
6000 1928 356230819817
6000 1934 1890922898198
6000 1960 9495317544118
6000 1980 7412414309083
6000 1996 666839701626
6000 2000 3921270212695
6000 2040 28765412
6000 2064 385514005747
6000 2088 376913148584
6000 2112 500431813011
6000 2125 1494899320326
6000 2136 238695360372
6000 2160 317138629561
6000 2184 398199550931
6000 2208 248792018782
6000 2232 669025872679
6000 2250 1766087067621
6000 2256 213525627866
6000 2280 282073596504
6000 2304 517115749986
6000 2352 738062853263
6000 2376 764958510282
6000 2400 750834694673
6000 2424 182056270884
6000 2448 878466812524
6000 2472 836095365693
6000 2496 539926718988
6000 2500 1644134346664
6000 2520 1942528041186
6000 2544 1978599863540
6000 2568 1678749244539
6000 2592 2517749916492
6000 2616 2087016688464
6000 2625 10052643260881
6000 2640 1897654003807
6000 2664 1635255946770
6000 2688 1871765136085
6000 2712 1754661157773
6000 2736 1393942934218
6000 2750 11142658370561
6000 2760 1910080660310
6000 2784 1533426400408
6000 2808 1749368322592
6000 2832 1435854134517
6000 2856 1924434599189
6000 2880 1746261658468
6000 2904 1555144283883
6000 2928 1034030142109
6000 2952 1402256137296
6000 2976 1517806783551
6000 3000 10718509013026
6000 3024 1619003490923
6000 3048 1318059786396
6000 3072 1750576469751
6000 3096 1798873590754
6000 3120 1478254346756
6000 3125 15459967413948
6000 3144 1947216802783
6000 3168 1920407441990
6000 3192 1760212881626
6000 3216 1639513227239
6000 3240 1838483558364
6000 3250 11208702633147
6000 3264 1858561813551
6000 3288 1617824109171
6000 3312 1522984557095
6000 3336 2064493373551
6000 3360 1780866444986
6000 3384 1819613450335
6000 3408 1207312963375
6000 3432 1517001352109
6000 3456 1506358150938
6000 3480 1104131442808
6000 3500 9585333889874
6000 3504 1456536463281
6000 3528 1693103183418
6000 3552 1364343328792
6000 3576 1504660991832
6000 3600 1729318832816
6000 3624 821396241911
6000 3625 5375610347400
6000 3648 1601197703014
6000 3672 1108302427051
6000 3696 1226902206615
6000 3720 929870597654
6000 3744 1225406405368
6000 3750 7875800670030
6000 3768 1061817526792
6000 3792 1074848256879
6000 3816 1143856472055
6000 3840 1104102677401
6000 3864 1337620264225
6000 3875 5272082154211
6000 3888 1108762673591
6000 3912 1185825203165
6000 3936 1709902182026
6000 3960 1025832000664
6000 3984 1304655105999
6000 4000 3690842242223
6000 4032 540185607665
6000 4056 258313369020
6000 4080 961368720044
6000 4104 409792010584
6000 4125 368494187528
6000 4128 583477547571
6000 4152 349183294716
6000 4176 304338022744
6000 4200 683840058097
6000 4224 475348376731
6000 4248 735790385985
6000 4250 3627351702671
6000 4272 688615115920
6000 4296 810148967156
6000 4320 801404282949
6000 4344 750633336810
6000 4368 718301017571
6000 4392 944454659798
6000 4416 983719442506
6000 4440 1458578807289
6000 4464 1207485555826
6000 4488 900875065808
6000 4500 4889911168322
6000 4512 616672829071
6000 4536 1398976880721
6000 4560 1038690138299
6000 4584 1130336730022
6000 4608 1507221113194
6000 4632 1674319371615
6000 4656 1476010644888
6000 4680 1624382622325
6000 4704 1346249886799
6000 4728 1745974004380
6000 4750 9061218763289
6000 4752 2278565544178
6000 4800 2302009352166
6000 4824 2007911814881
6000 4848 1119319578537
6000 4872 1606289180332
6000 4875 8133372448972
6000 4896 1530060847603
6000 4920 2238639157073
6000 4944 1249195398263
6000 4968 1559056379449
6000 4992 2124066534712
6000 5000 14222757912487
6000 5016 1946727790836
6000 5040 952250085523
6000 5064 1405707986327
6000 5088 2140434052192
6000 5112 1206219877848
6000 5136 1712634895840
6000 5160 1547866635512
6000 5184 1596537706824
6000 5208 1863365636781
6000 5232 1627719409723
6000 5250 25478113980463
6000 5256 1503021363544
6000 5280 2076459783518
6000 5304 1574934884982
6000 5328 946123053497
6000 5352 1864487487718
6000 5376 1292516103576
6000 5400 1485330637268
6000 5424 1176505210790
6000 5448 1888506603879
6000 5472 913704438032
6000 5496 1458636338108
6000 5500 13289870954087
6000 5520 1216460363303
6000 5544 1421011183692
6000 5568 926246156172
6000 5592 1364285797978
6000 5616 790818612592
6000 5640 1179439282462
6000 5664 993240792747
6000 5688 824560436853
6000 5712 565182747719
6000 5736 925009243602
6000 5750 3036449369659
6000 5760 620642455451
6000 5784 756789134247
6000 5808 447762349907
6000 5832 523616732322
6000 5856 680675863151
6000 5875 3781585203965
6000 5880 697273503901
6000 5904 491140586043
6000 5928 583995324925
6000 5952 837619932347
6000 5976 431394832427
6000 6000 4603208739339
6000 6125 6219167401363
6000 6250 5161717172113
6000 6375 9673547360721
6000 6500 4942063075802
6000 6625 8419335211364
6000 6750 8714546026110
6000 6875 15183179057847
6000 7000 5116465743003
6000 7040 3598948761995
6000 7064 2000673470835
6000 7088 2324575693533
6000 7112 825929287007
6000 7136 1557383329454
6000 7160 3290037491897
6000 7184 357821350901
6000 7232 1586032290598
6000 7280 2604412257546
6000 7304 2106046782761
6000 7328 1360379709895
6000 7352 437877271104
6000 7400 2182757921249
6000 7568 6337354517111
6000 7625 1836308185262
6000 7760 3389776726364
6000 7808 2959473076998
6000 7856 116480299152
6000 7952 1597674293059
6000 8000 1726625605417
6000 8048 1597674293059
6000 8144 116480299152
6000 8192 2959473076998
6000 8240 3389776726364
6000 8375 1836308185262
6000 8432 6337354517111
6000 8600 2182757921249
6000 8648 437877271104
6000 8672 1360379709895
6000 8696 2106046782761
6000 8720 2604412257546
6000 8768 1586032290598
6000 8816 357821350901
6000 8840 3290037491897
6000 8864 1557383329454
6000 8888 825929287007
6000 8912 2324575693533
6000 8936 2000673470835
6000 8960 3598948761995
6000 9000 5116465743003
6000 9125 15183179057847
6000 9250 8714546026110
6000 9375 8419335211364
6000 9500 4942063075802
6000 9625 9673547360721
6000 9750 5161717172113
6000 9875 6219167401363
6000 10000 4603208739339
6000 10024 431394832427
6000 10048 837619932347
6000 10072 583995324925
6000 10096 491140586043
6000 10120 697273503901
6000 10125 3781585203965
6000 10144 680675863151
6000 10168 523616732322
6000 10192 447762349907
6000 10216 756789134247
6000 10240 620642455451
6000 10250 3036449369659
6000 10264 925009243602
6000 10288 565182747719
6000 10312 824560436853
6000 10336 993240792747
6000 10360 1179439282462
6000 10384 790818612592
6000 10408 1364285797978
6000 10432 926246156172
6000 10456 1421011183692
6000 10480 1216460363303
6000 10500 13289870954087
6000 10504 1458636338108
6000 10528 913704438032
6000 10552 1888506603879
6000 10576 1176505210790
6000 10600 1485330637268
6000 10624 1292516103576
6000 10648 1864487487718
6000 10672 946123053497
6000 10696 1574934884982
6000 10720 2076459783518
6000 10744 1503021363544
6000 10750 25478113980463
6000 10768 1627719409723
6000 10792 1863365636781
6000 10816 1596537706824
6000 10840 1547866635512
6000 10864 1712634895840
6000 10888 1206219877848
6000 10912 2140434052192
6000 10936 1405707986327
6000 10960 952250085523
6000 10984 1946727790836
6000 11000 14222757912487
6000 11008 2124066534712
6000 11032 1559056379449
6000 11056 1249195398263
6000 11080 2238639157073
6000 11104 1530060847603
6000 11125 8133372448972
6000 11128 1606289180332
6000 11152 1119319578537
6000 11176 2007911814881
6000 11200 2302009352166
6000 11248 2278565544178
6000 11250 9061218763289
6000 11272 1745974004380
6000 11296 1346249886799
6000 11320 1624382622325
6000 11344 1476010644888
6000 11368 1674319371615
6000 11392 1507221113194
6000 11416 1130336730022
6000 11440 1038690138299
6000 11464 1398976880721
6000 11488 616672829071
6000 11500 4889911168322
6000 11512 900875065808
6000 11536 1207485555826
6000 11560 1458578807289
6000 11584 983719442506
6000 11608 944454659798
6000 11632 718301017571
6000 11656 750633336810
6000 11680 801404282949
6000 11704 810148967156
6000 11728 688615115920
6000 11750 3627351702671
6000 11752 735790385985
6000 11776 475348376731
6000 11800 683840058097
6000 11824 304338022744
6000 11848 349183294716
6000 11872 583477547571
6000 11875 368494187528
6000 11896 409792010584
6000 11920 961368720044
6000 11944 258313369020
6000 11968 540185607665
6000 12000 3690842242223
6000 12016 1304655105999
6000 12040 1025832000664
6000 12064 1709902182026
6000 12088 1185825203165
6000 12112 1108762673591
6000 12125 5272082154211
6000 12136 1337620264225
6000 12160 1104102677401
6000 12184 1143856472055
6000 12208 1074848256879
6000 12232 1061817526792
6000 12250 7875800670030
6000 12256 1225406405368
6000 12280 929870597654
6000 12304 1226902206615
6000 12328 1108302427051
6000 12352 1601197703014
6000 12375 5375610347400
6000 12376 821396241911
6000 12400 1729318832816
6000 12424 1504660991832
6000 12448 1364343328792
6000 12472 1693103183418
6000 12496 1456536463281
6000 12500 9585333889874
6000 12520 1104131442808
6000 12544 1506358150938
6000 12568 1517001352109
6000 12592 1207312963375
6000 12616 1819613450335
6000 12640 1780866444986
6000 12664 2064493373551
6000 12688 1522984557095
6000 12712 1617824109171
6000 12736 1858561813551
6000 12750 11208702633147
6000 12760 1838483558364
6000 12784 1639513227239
6000 12808 1760212881626
6000 12832 1920407441990
6000 12856 1947216802783
6000 12875 15459967413948
6000 12880 1478254346756
6000 12904 1798873590754
6000 12928 1750576469751
6000 12952 1318059786396
6000 12976 1619003490923
6000 13000 10718509013026
6000 13024 1517806783551
6000 13048 1402256137296
6000 13072 1034030142109
6000 13096 1555144283883
6000 13120 1746261658468
6000 13144 1924434599189
6000 13168 1435854134517
6000 13192 1749368322592
6000 13216 1533426400408
6000 13240 1910080660310
6000 13250 11142658370561
6000 13264 1393942934218
6000 13288 1754661157773
6000 13312 1871765136085
6000 13336 1635255946770
6000 13360 1897654003807
6000 13375 10052643260881
6000 13384 2087016688464
6000 13408 2517749916492
6000 13432 1678749244539
6000 13456 1978599863540
6000 13480 1942528041186
6000 13500 1644134346664
6000 13504 539926718988
6000 13528 836095365693
6000 13552 878466812524
6000 13576 182056270884
6000 13600 750834694673
6000 13624 764958510282
6000 13648 738062853263
6000 13696 517115749986
6000 13720 282073596504
6000 13744 213525627866
6000 13750 1766087067621
6000 13768 669025872679
6000 13792 248792018782
6000 13816 398199550931
6000 13840 317138629561
6000 13864 238695360372
6000 13875 1494899320326
6000 13888 500431813011
6000 13912 376913148584
6000 13936 385514005747
6000 13960 28765412
6000 14000 3921270212695
6000 14004 666839701626
6000 14020 7412414309083
6000 14040 9495317544118
6000 14066 1890922898198
6000 14072 356230819817
6000 14078 9561046502716
6000 14100 6085322184397
6000 14125 43748855164561
6000 14134 2930188344664
6000 14172 3535297479484
6000 14200 1657980619546
6000 14214 3020051481060
6000 14240 4671818772350
6000 14250 14718914384352
6000 14252 656023908004
6000 14286 3948311215829
6000 14310 3670005887847
6000 14320 6009381505756
6000 14360 5114460879527
6000 14384 4338801637256
6000 14400 2621966991766
6000 14424 2447533554156
6000 14432 261736452643
6000 14440 2374728305051
6000 14462 1694771577112
6000 14500 18045916033489
6000 14518 2011421194726
6000 14540 2995888537855
6000 14570 1053389262080
6000 14600 853153252978
6000 14630 127632117856
6000 14636 6924437917987
6000 14654 611408759301
6000 14680 813313162098
6000 14700 3884193120111
6000 14736 921614925390
6000 14750 22706866988232
6000 14760 2969453127372
6000 14800 5917533556171
6000 14834 1572691183115
6000 14836 3464563339794
6000 14900 1749569680455
6000 14940 1819268265433
6000 14980 5172940955161
6000 15000 3335873532716
6000 15072 907347282737
6000 15140 380422528429
6000 15200 303705183753
6000 15250 6078848843414
6000 15300 615982459265
6000 15380 28765412
6125 1875 7330433485737
6125 2000 8042679322384
6125 2250 44758976317
6125 2375 237671328355
6125 2875 1484619284361
6125 3500 1565251703459
6125 3625 576686088471
6125 3875 5142948678681
6125 4000 6465423759492
6125 4750 559229892190
6125 5375 2024283894126
6125 5500 2457086974135
6125 6000 6219167401363
6125 6125 2873545443540
6125 6250 1132971627198
6125 9750 1132971627198
6125 9875 2873545443540
6125 10000 6219167401363
6125 10500 2457086974135
6125 10625 2024283894126
6125 11250 559229892190
6125 12000 6465423759492
6125 12125 5142948678681
6125 12375 576686088471
6125 12500 1565251703459
6125 13125 1484619284361
6125 13625 237671328355
6125 13750 44758976317
6125 14000 8042679322384
6125 14125 7330433485737
6250 1250 543729964285
6250 1500 1000575971933
6250 1875 9600112999330
6250 2000 10953408663590
6250 3000 4568193471613
6250 3250 3939307643511
6250 3750 628429360141
6250 4000 6309289426432
6250 4750 909491614125
6250 5000 4692380922527
6250 5250 3030371211749
6250 5750 80109875918
6250 5875 2284103168336
6250 6000 5161717172113
6250 6125 1132971627198
6250 6500 2678727859283
6250 6625 621351460501
6250 6750 3571376321478
6250 7000 4268839086258
6250 7250 6884879610007
6250 7375 6058049301708
6250 7500 5473793160741
6250 8000 5801751695324
6250 8500 5473793160741
6250 8625 6058049301708
6250 8750 6884879610007
6250 9000 4268839086258
6250 9250 3571376321478
6250 9375 621351460501
6250 9500 2678727859283
6250 9875 1132971627198
6250 10000 5161717172113
6250 10125 2284103168336
6250 10250 80109875918
6250 10750 3030371211749
6250 11000 4692380922527
6250 11250 909491614125
6250 12000 6309289426432
6250 12250 628429360141
6250 12750 3939307643511
6250 13000 4568193471613
6250 14000 10953408663590
6250 14125 9600112999330
6250 14500 1000575971933
6250 14750 543729964285
6375 1875 4609030639439
6375 2000 14440222405733
6375 3000 3189163318653
6375 3500 4736641979397
6375 4000 8574941852937
6375 4125 979504099172
6375 5875 4899933378104
6375 6000 9673547360721
6375 7875 634148384207
6375 8000 9659993099933
6375 8125 634148384207
6375 10000 9673547360721
6375 10125 4899933378104
6375 11875 979504099172
6375 12000 8574941852937
6375 12500 4736641979397
6375 13000 3189163318653
6375 14000 14440222405733
6375 14125 4609030639439
6500 1250 1891210552286
6500 1500 14824377715
6500 1750 2492696031093
6500 1875 6445180856612
6500 2000 11880947607116
6500 2750 694257018320
6500 3000 2360612192516
6500 3250 6881368451281
6500 3500 5977399946656
6500 3750 7482950440843
6500 4000 12131713985315
6500 4500 2080175497958
6500 4750 474533896430
6500 5000 7893889711000
6500 5250 2350839844777
6500 5500 238002533266
6500 5750 1836280574381
6500 5875 357821350542
6500 6000 4942063075802
6500 6250 2678727859283
6500 6500 2080175497958
6500 7250 5767197636834
6500 7750 3828419491915
6500 7875 2760475944371
6500 8000 8769196421203
6500 8125 2760475944371
6500 8250 3828419491915
6500 8750 5767197636834
6500 9500 2080175497958
6500 9750 2678727859283
6500 10000 4942063075802
6500 10125 357821350542
6500 10250 1836280574381
6500 10500 238002533266
6500 10750 2350839844777
6500 11000 7893889711000
6500 11250 474533896430
6500 11500 2080175497958
6500 12000 12131713985315
6500 12250 7482950440843
6500 12500 5977399946656
6500 12750 6881368451281
6500 13000 2360612192516
6500 13250 694257018320
6500 14000 11880947607116
6500 14125 6445180856612
6500 14250 2492696031093
6500 14500 14824377715
6500 14750 1891210552286
6625 2000 14551976605159
6625 3250 2393749625700
6625 3500 5512893357014
6625 4000 8910539976215
6625 4125 1714882149994
6625 4250 1727937517496
6625 5000 11771005581272
6625 5250 1347051425662
6625 5500 3844868944944
6625 6000 8419335211364
6625 6250 621351460501
6625 7000 5675040742627
6625 7250 8120690514145
6625 7500 6606445806263
6625 7750 1615379051061
6625 8000 6262853659306
6625 8250 1615379051061
6625 8500 6606445806263
6625 8750 8120690514145
6625 9000 5675040742627
6625 9750 621351460501
6625 10000 8419335211364
6625 10500 3844868944944
6625 10750 1347051425662
6625 11000 11771005581272
6625 11750 1727937517496
6625 11875 1714882149994
6625 12000 8910539976215
6625 12500 5512893357014
6625 12750 2393749625700
6625 14000 14551976605159
6750 1500 1494204833928
6750 1750 16621247445952
6750 2000 16574499045658
6750 3000 6667554990350
6750 3250 4823780012709
6750 3500 14448510959426
6750 3625 3727536237027
6750 3750 2043269768888
6750 4000 10290655611946
6750 4500 2857934123706
6750 4750 8344287653486
6750 5000 4218229566990
6750 5250 14336528215077
6750 5500 11730540798500
6750 5625 881889896717
6750 5750 1722522358224
6750 6000 8714546026110
6750 6250 3571376321478
6750 6750 14066022205400
6750 7000 12681195665003
6750 7250 18864393447610
6750 7500 9955514009400
6750 7625 1161179522144
6750 8000 9954376215084
6750 8375 1161179522144
6750 8500 9955514009400
6750 8750 18864393447610
6750 9000 12681195665003
6750 9250 14066022205400
6750 9750 3571376321478
6750 10000 8714546026110
6750 10250 1722522358224
6750 10375 881889896717
6750 10500 11730540798500
6750 10750 14336528215077
6750 11000 4218229566990
6750 11250 8344287653486
6750 11500 2857934123706
6750 12000 10290655611946
6750 12250 2043269768888
6750 12375 3727536237027
6750 12500 14448510959426
6750 12750 4823780012709
6750 13000 6667554990350
6750 14000 16574499045658
6750 14250 16621247445952
6750 14500 1494204833928
6875 1875 9045469634546
6875 2000 15866362172492
6875 3625 10508985447226
6875 3750 1410902850392
6875 4000 17469265810439
6875 6000 15183179057847
6875 8000 5191148348736
6875 10000 15183179057847
6875 12000 17469265810439
6875 12250 1410902850392
6875 12375 10508985447226
6875 14000 15866362172492
6875 14125 9045469634546
7000 1500 1244190217454
7000 1750 2314621587595
7000 1875 6532531339269
7000 2000 5863631808668
7000 3000 2110533361887
7000 3250 1398385962965
7000 3500 3256271255537
7000 3625 7361094952266
7000 3750 794292118185
7000 4000 5505704661103
7000 4500 1762312756736
7000 4625 2637176338884
7000 4750 5308538889539
7000 5000 5129019804645
7000 5250 13610341346142
7000 5500 2668400735882
7000 5625 3562100513198
7000 5750 2164888055560
7000 5875 2631154863052
7000 6000 5116465743003
7000 6250 4268839086258
7000 6625 5675040742627
7000 6750 12681195665003
7000 7000 4329461130177
7000 7250 15224047274038
7000 8000 29021758432881
7000 8750 15224047274038
7000 9000 4329461130177
7000 9250 12681195665003
7000 9375 5675040742627
7000 9750 4268839086258
7000 10000 5116465743003
7000 10125 2631154863052
7000 10250 2164888055560
7000 10375 3562100513198
7000 10500 2668400735882
7000 10750 13610341346142
7000 11000 5129019804645
7000 11250 5308538889539
7000 11375 2637176338884
7000 11500 1762312756736
7000 12000 5505704661103
7000 12250 794292118185
7000 12375 7361094952266
7000 12500 3256271255537
7000 12750 1398385962965
7000 13000 2110533361887
7000 14000 5863631808668
7000 14125 6532531339269
7000 14250 2314621587595
7000 14500 1244190217454
7006 3732 26780595410
7006 12268 26780595410
7008 2164 1120294057731
7008 13836 1120294057731
7010 4566 2782559861692
7010 11434 2782559861692
7014 3828 10815589606572
7014 12172 10815589606572
7016 2000 5191044794699
7016 4000 5191044794700
7016 5730 2274864742332
7016 10270 2274864742332
7016 12000 5191044794700
7016 14000 5191044794699
7020 3660 93724761512
7020 12340 93724761512
7024 5318 4425829092841
7024 10682 4425829092841
7038 5374 8740282951895
7038 10626 8740282951895
7040 4822 645559772037
7040 6000 3598948761995
7040 10000 3598948761995
7040 11178 645559772037
7042 5676 2171716809670
7042 10324 2171716809670
7046 4586 1141406089597
7046 11414 1141406089597
7054 5692 347408107182
7054 10308 347408107182
7064 2000 2424524523905
7064 4000 1337415859732
7064 6000 2000673470835
7064 10000 2000673470835
7064 12000 1337415859732
7064 14000 2424524523905
7080 1782 2574789666766
7080 3652 548855721155
7080 12348 548855721155
7080 14218 2574789666766
7088 2000 1282633623130
7088 4000 1673003105629
7088 6000 2324575693533
7088 10000 2324575693533
7088 12000 1673003105629
7088 14000 1282633623130
7090 4742 1217331618004
7090 11258 1217331618004
7100 3666 128570315639
7100 12334 128570315639
7112 1828 5232355351084
7112 2000 1282633623130
7112 6000 825929287007
7112 10000 825929287007
7112 14000 1282633623130
7112 14172 5232355351084
7125 2000 929870598585
7125 3625 5448598389399
7125 12375 5448598389399
7125 14000 929870598585
7136 2000 376400695473
7136 4000 2106046782761
7136 6000 1557383329454
7136 10000 1557383329454
7136 12000 2106046782761
7136 14000 376400695473
7140 3560 801316270728
7140 12440 801316270728
7148 1814 1889637139013
7148 14186 1889637139013
7150 3636 3463473410567
7150 12364 3463473410567
7152 1998 3365116986287
7152 14002 3365116986287
7160 4000 3290037491897
7160 6000 3290037491897
7160 10000 3290037491897
7160 12000 3290037491897
7174 3560 2999948930537
7174 12440 2999948930537
7184 4000 357821350901
7184 6000 357821350901
7184 10000 357821350901
7184 12000 357821350901
7190 1960 1602903639551
7190 14040 1602903639551
7200 3432 2880463644940
7200 12568 2880463644940
7202 1850 1317081763237
7202 14150 1317081763237
7204 4736 1586032290598
7204 11264 1586032290598
7208 2000 929870598585
7208 4000 1818412884158
7208 12000 1818412884158
7208 14000 929870598585
7214 1572 4304422311619
7214 14428 4304422311619
7216 3480 2050358430992
7216 12520 2050358430992
7220 3340 2240496119994
7220 12660 2240496119994
7230 3580 1814467950948
7230 12420 1814467950948
7232 2000 1282633623130
7232 4000 2714711876030
7232 6000 1586032290598
7232 10000 1586032290598
7232 12000 2714711876030
7232 14000 1282633623130
7234 1806 3958374676978
7234 14194 3958374676978
7238 3496 490432580314
7238 12504 490432580314
7250 2000 2965294210365
7250 2750 278982311239
7250 3500 4201586015729
7250 4000 916551717564
7250 4500 41602658928
7250 4750 6161529740584
7250 5000 605389337080
7250 5250 9828019079878
7250 5500 2000673470835
7250 6250 6884879610007
7250 6500 5767197636834
7250 6625 8120690514145
7250 6750 18864393447610
7250 7000 15224047274038
7250 7250 33031704838062
7250 7500 17866305110112
7250 7750 21708302848265
7250 8000 7741857724817
7250 8250 21708302848265
7250 8500 17866305110112
7250 8750 33031704838062
7250 9000 15224047274038
7250 9250 18864393447610
7250 9375 8120690514145
7250 9500 5767197636834
7250 9750 6884879610007
7250 10500 2000673470835
7250 10750 9828019079878
7250 11000 605389337080
7250 11250 6161529740584
7250 11500 41602658928
7250 12000 916551717564
7250 12500 4201586015729
7250 13250 278982311239
7250 14000 2965294210365
7256 2000 3144667801094
7256 14000 3144667801094
7262 4882 2911890251420
7262 11118 2911890251420
7268 5296 4415205890176
7268 10704 4415205890176
7274 5698 3143179024864
7274 10302 3143179024864
7280 1862 4069368391191
7280 2000 2116802307020
7280 4000 2682397044432
7280 6000 2604412257546
7280 10000 2604412257546
7280 12000 2682397044432
7280 14000 2116802307020
7280 14138 4069368391191
7290 1788 4179038562204
7290 14212 4179038562204
7296 5268 7968771762082
7296 10732 7968771762082
7302 1960 1678436655125
7302 14040 1678436655125
7304 2000 621592747102
7304 4000 4652639652899
7304 6000 2106046782761
7304 10000 2106046782761
7304 12000 4652639652899
7304 14000 621592747102
7308 3420 107886926178
7308 12580 107886926178
7314 3344 18478918902169
7314 4950 2817065685267
7314 11050 2817065685267
7314 12656 18478918902169
7328 2000 817912031014
7328 4000 2182757921249
7328 5892 2775687803149
7328 6000 1360379709895
7328 10000 1360379709895
7328 10108 2775687803149
7328 12000 2182757921249
7328 14000 817912031014
7352 2000 1132261935524
7352 4000 62814397614
7352 5288 5334160596811
7352 6000 437877271104
7352 10000 437877271104
7352 10712 5334160596811
7352 12000 62814397614
7352 14000 1132261935524
7354 1968 1160127655200
7354 14032 1160127655200
7366 1692 471910091447
7366 14308 471910091447
7368 4898 6133300558108
7368 11102 6133300558108
7374 1958 4399208999678
7374 5038 1100999658086
7374 10962 1100999658086
7374 14042 4399208999678
7375 3250 2690296491436
7375 6250 6058049301708
7375 9750 6058049301708
7375 12750 2690296491436
7376 4000 597972284165
7376 12000 597972284165
7378 5924 2572027721510
7378 10076 2572027721510
7398 1788 1749988279042
7398 14212 1749988279042
7400 2000 4433457303532
7400 4000 713326398729
7400 6000 2182757921249
7400 10000 2182757921249
7400 12000 713326398729
7400 14000 4433457303532
7402 5042 1516969519708
7402 5940 347408107182
7402 10060 347408107182
7402 10958 1516969519708
7412 3296 1790152035428
7412 12704 1790152035428
7424 4000 2106046782761
7424 12000 2106046782761
7436 5952 1465543985980
7436 10048 1465543985980
7440 1944 1266654948383
7440 5964 454319322741
7440 10036 454319322741
7440 14056 1266654948383
7444 1806 3403704740885
7444 14194 3403704740885
7448 2000 1122023528070
7448 4000 1360379709895
7448 12000 1360379709895
7448 14000 1122023528070
7472 2000 2354475299442
7472 4000 437877271104
7472 12000 437877271104
7472 14000 2354475299442
7474 5972 1347051427009
7474 10028 1347051427009
7478 1746 2316231530593
7478 5934 3846897683936
7478 10066 3846897683936
7478 14254 2316231530593
7480 5962 1684671101172
7480 10038 1684671101172
7496 1902 393769678397
7496 2000 5223992576900
7496 14000 5223992576900
7496 14098 393769678397
7500 1250 1400665158307
7500 1875 1166083386172
7500 3250 3189834651135
7500 3500 12453532366624
7500 3750 3080416658182
7500 3964 4913053304960
7500 4500 186457927046
7500 4750 5861168352731
7500 5000 270682494976
7500 5250 7089752299671
7500 5500 1001370268761
7500 6250 5473793160741
7500 6625 6606445806263
7500 6750 9955514009400
7500 7250 17866305110112
7500 7500 3520488756651
7500 7750 3828419491915
7500 8250 3828419491915
7500 8500 3520488756651
7500 8750 17866305110112
7500 9250 9955514009400
7500 9375 6606445806263
7500 9750 5473793160741
7500 10500 1001370268761
7500 10750 7089752299671
7500 11000 270682494976
7500 11250 5861168352731
7500 11500 186457927046
7500 12036 4913053304960
7500 12250 3080416658182
7500 12500 12453532366624
7500 12750 3189834651135
7500 14125 1166083386172
7500 14750 1400665158307
7502 1764 2116238287877
7502 14236 2116238287877
7506 1896 5979478847227
7506 14104 5979478847227
7514 3306 2543825386004
7514 12694 2543825386004
7520 2000 685073088714
7520 4000 4369364199826
7520 12000 4369364199826
7520 14000 685073088714
7528 1450 2255253309340
7528 1790 2012711044589
7528 14210 2012711044589
7528 14550 2255253309340
7534 1460 1492300005413
7534 14540 1492300005413
7536 3838 751405142648
7536 3980 2182757921249
7536 12020 2182757921249
7536 12162 751405142648
7548 3972 5009337203947
7548 12028 5009337203947
7560 3218 2586933774504
7560 12782 2586933774504
7568 2000 1888152900406
7568 4000 1530113046184
7568 6000 6337354517111
7568 10000 6337354517111
7568 12000 1530113046184
7568 14000 1888152900406
7570 3206 2485862292894
7570 12794 2485862292894
7572 3764 1432139695646
7572 12236 1432139695646
7582 3214 2350048234463
7582 12786 2350048234463
7592 4000 437877271104
7592 12000 437877271104
7625 3000 6913715858123
7625 5875 2957538167172
7625 6000 1836308185262
7625 6750 1161179522144
7625 9250 1161179522144
7625 10000 1836308185262
7625 10125 2957538167172
7625 13000 6913715858123
7634 3626 3965853637455
7634 12374 3965853637455
7640 2000 1305239217654
7640 14000 1305239217654
7664 2000 2363121489106
7664 14000 2363121489106
7676 3500 16162973230
7676 12500 16162973230
7680 5286 1699379383783
7680 10714 1699379383783
7682 5346 5097176282061
7682 10654 5097176282061
7686 3492 1145150916582
7686 12508 1145150916582
7698 3036 1044480835828
7698 12964 1044480835828
7700 5992 2638496643057
7700 10008 2638496643057
7706 5364 926583977891
7706 10636 926583977891
7712 5282 940123547496
7712 10718 940123547496
7736 4000 6853293585251
7736 12000 6853293585251
7738 3144 5507507832019
7738 12856 5507507832019
7740 2990 548855721155
7740 13010 548855721155
7750 1500 416742656954
7750 1875 11381779962030
7750 2000 8067354627397
7750 4000 148693652001
7750 4500 3187976971982
7750 4750 3455508679991
7750 5750 2537005900536
7750 6500 3828419491915
7750 6625 1615379051061
7750 7250 21708302848265
7750 7500 3828419491915
7750 7750 20372101883860
7750 8000 8063404395571
7750 8250 20372101883860
7750 8500 3828419491915
7750 8750 21708302848265
7750 9375 1615379051061
7750 9500 3828419491915
7750 10250 2537005900536
7750 11250 3455508679991
7750 11500 3187976971982
7750 12000 148693652001
7750 14000 8067354627397
7750 14125 11381779962030
7750 14500 416742656954
7758 2956 1460329413574
7758 13044 1460329413574
7760 6000 3389776726364
7760 10000 3389776726364
7774 4908 199062391869
7774 11092 199062391869
7776 1954 6944165872782
7776 14046 6944165872782
7784 2000 1614394680759
7784 14000 1614394680759
7786 2420 1668991166508
7786 13580 1668991166508
7792 5332 1984409650978
7792 10668 1984409650978
7800 5340 2270994343659
7800 10660 2270994343659
7804 3976 1918156455699
7804 12024 1918156455699
7808 2000 214886554889
7808 6000 2959473076998
7808 10000 2959473076998
7808 14000 214886554889
7824 5386 1798824569305
7824 10614 1798824569305
7830 1962 559717320648
7830 14038 559717320648
7832 2000 2819373181489
7832 14000 2819373181489
7836 3824 1491058141474
7836 12176 1491058141474
7856 2000 3013710401828
7856 4000 663296546462
7856 6000 116480299152
7856 10000 116480299152
7856 12000 663296546462
7856 14000 3013710401828
7858 5372 1617228589014
7858 10628 1617228589014
7870 1940 4463212033818
7870 14060 4463212033818
7872 1972 148693651999
7872 14028 148693651999
7875 875 10884318559345
7875 1875 8539879287843
7875 2875 3732145577991
7875 3875 4453371154371
7875 4000 1923391946602
7875 6375 634148384207
7875 6500 2760475944371
7875 9500 2760475944371
7875 9625 634148384207
7875 12000 1923391946602
7875 12125 4453371154371
7875 13125 3732145577991
7875 14125 8539879287843
7875 15125 10884318559345
7880 4000 89241058661
7880 12000 89241058661
7898 3318 1220106931123
7898 12682 1220106931123
7904 2000 3404364015060
7904 4000 4694403492853
7904 12000 4694403492853
7904 14000 3404364015060
7924 5418 3010592473106
7924 10582 3010592473106
7928 4000 327235288299
7928 12000 327235288299
7934 5478 124987030929
7934 5880 797362425889
7934 5934 3469974086554
7934 10066 3469974086554
7934 10120 797362425889
7934 10522 124987030929
7936 1974 3821196717889
7936 14026 3821196717889
7938 5990 1390847307176
7938 10010 1390847307176
7940 5402 2107040183387
7940 5992 555690163445
7940 10008 555690163445
7940 10598 2107040183387
7952 2000 148693651999
7952 4000 2141088821386
7952 6000 1597674293059
7952 10000 1597674293059
7952 12000 2141088821386
7952 14000 148693651999
7958 3952 2230474044455
7958 12048 2230474044455
7976 2000 4072788960540
7976 4000 1141406089597
7976 12000 1141406089597
7976 14000 4072788960540
7986 2216 729773161402
7986 3998 2403563649791
7986 12002 2403563649791
7986 13784 729773161402
7988 3970 720522864639
7988 12030 720522864639
7992 5700 408022816529
7992 10300 408022816529
8000 800 3506601792588
8000 1000 8115606814759
8000 1020 1373253975941
8000 1100 6701685231558
8000 1200 68231549219
8000 1250 22480052185781
8000 1264 2275392473079
8000 1346 7663478802806
8000 1400 17162310310682
8000 1430 2170785442737
8000 1460 705224280075
8000 1482 4302085457515
8000 1500 619362815083
8000 1538 3053975718552
8000 1560 18442077404135
8000 1576 454294258120
8000 1600 4876942745778
8000 1616 1202285060728
8000 1640 404901891535
8000 1680 1663733702922
8000 1690 11361169366359
8000 1714 8448871127755
8000 1760 6365994058128
8000 1786 3518929965536
8000 1800 9542128157733
8000 1866 11763222839253
8000 1875 26322301971858
8000 1900 6085322190482
8000 1922 9561046512277
8000 1928 2247153720262
8000 1960 9495317553614
8000 1980 7412414316496
8000 2000 666839702294
8000 2208 2040219613957
8000 2352 1602903639551
8000 2448 1176801997104
8000 2472 105831626028
8000 2520 376400695473
8000 2544 6605470814468
8000 2568 5803975033853
8000 2592 4152763674947
8000 2616 766568852485
8000 2640 5295009641923
8000 2688 4010348242710
8000 2712 2435653443138
8000 2760 7851997842796
8000 2808 7154855965319
8000 2880 6965366293488
8000 2904 929870598584
8000 2952 9140134647139
8000 3072 15414777552632
8000 3144 1802500402957
8000 3168 13824997505585
8000 3192 3224086465301
8000 3240 1258033987298
8000 3264 1858561815411
8000 3288 2007418607280
8000 3312 8688061458048
8000 3360 1858561815411
8000 3384 4731668062210
8000 3408 473633982813
8000 3456 11513547303309
8000 3480 7121462724075
8000 3576 8931951020116
8000 3648 7565866934329
8000 3672 1104102678506
8000 3696 2800044905793
8000 3750 2317789315423
8000 3816 3934932557175
8000 3840 3712637737689
8000 3875 2661033042573
8000 3888 355224578137
8000 3912 1820923614238
8000 3960 63497359488
8000 4000 3040966627343
8000 4200 989008408599
8000 4224 1476010646365
8000 4296 3110882048621
8000 4320 2585756153409
8000 4368 6565050829713
8000 4440 1615068718441
8000 4464 4850579977997
8000 4584 3416347452271
8000 4608 3937529201118
8000 4656 3150330019653
8000 4680 3378655328623
8000 4704 1337951189599
8000 4752 3563014179456
8000 4800 6464551729754
8000 4824 1946581674422
8000 4848 761571233912
8000 4875 8536877188933
8000 4920 3084446356458
8000 4992 10852662671729
8000 5000 4661981890505
8000 5016 4741352277469
8000 5064 8548141174639
8000 5088 901863579161
8000 5184 6110979376599
8000 5250 22061043684079
8000 5256 2746859401850
8000 5280 4316379127433
8000 5328 2270370419564
8000 5352 5628156723367
8000 5400 754941962450
8000 5472 9138492330032
8000 5500 4614896923774
8000 5520 3125282856603
8000 5568 5985152787432
8000 5664 2414856052434
8000 5688 1559331591493
8000 5712 3664172668650
8000 5736 1325372919483
8000 5760 2362554261396
8000 5832 2223148605065
8000 5904 491140586534
8000 5928 5984348922492
8000 5952 1530113046184
8000 6000 1726625605417
8000 6250 5801751695324
8000 6375 9659993099933
8000 6500 8769196421203
8000 6625 6262853659306
8000 6750 9954376215084
8000 6875 5191148348736
8000 7000 29021758432881
8000 7250 7741857724817
8000 7750 8063404395571
8000 8000 6873251348072
8000 8250 8063404395571
8000 8750 7741857724817
8000 9000 29021758432881
8000 9125 5191148348736
8000 9250 9954376215084
8000 9375 6262853659306
8000 9500 8769196421203
8000 9625 9659993099933
8000 9750 5801751695324
8000 10000 1726625605417
8000 10048 1530113046184
8000 10072 5984348922492
8000 10096 491140586534
8000 10168 2223148605065
8000 10240 2362554261396
8000 10264 1325372919483
8000 10288 3664172668650
8000 10312 1559331591493
8000 10336 2414856052434
8000 10432 5985152787432
8000 10480 3125282856603
8000 10500 4614896923774
8000 10528 9138492330032
8000 10600 754941962450
8000 10648 5628156723367
8000 10672 2270370419564
8000 10720 4316379127433
8000 10744 2746859401850
8000 10750 22061043684079
8000 10816 6110979376599
8000 10912 901863579161
8000 10936 8548141174639
8000 10984 4741352277469
8000 11000 4661981890505
8000 11008 10852662671729
8000 11080 3084446356458
8000 11125 8536877188933
8000 11152 761571233912
8000 11176 1946581674422
8000 11200 6464551729754
8000 11248 3563014179456
8000 11296 1337951189599
8000 11320 3378655328623
8000 11344 3150330019653
8000 11392 3937529201118
8000 11416 3416347452271
8000 11536 4850579977997
8000 11560 1615068718441
8000 11632 6565050829713
8000 11680 2585756153409
8000 11704 3110882048621
8000 11776 1476010646365
8000 11800 989008408599
8000 12000 3040966627343
8000 12040 63497359488
8000 12088 1820923614238
8000 12112 355224578137
8000 12125 2661033042573
8000 12160 3712637737689
8000 12184 3934932557175
8000 12250 2317789315423
8000 12304 2800044905793
8000 12328 1104102678506
8000 12352 7565866934329
8000 12424 8931951020116
8000 12520 7121462724075
8000 12544 11513547303309
8000 12592 473633982813
8000 12616 4731668062210
8000 12640 1858561815411
8000 12688 8688061458048
8000 12712 2007418607280
8000 12736 1858561815411
8000 12760 1258033987298
8000 12808 3224086465301
8000 12832 13824997505585
8000 12856 1802500402957
8000 12928 15414777552632
8000 13048 9140134647139
8000 13096 929870598584
8000 13120 6965366293488
8000 13192 7154855965319
8000 13240 7851997842796
8000 13288 2435653443138
8000 13312 4010348242710
8000 13360 5295009641923
8000 13384 766568852485
8000 13408 4152763674947
8000 13432 5803975033853
8000 13456 6605470814468
8000 13480 376400695473
8000 13528 105831626028
8000 13552 1176801997104
8000 13648 1602903639551
8000 13792 2040219613957
8000 14000 666839702294
8000 14020 7412414316496
8000 14040 9495317553614
8000 14072 2247153720262
8000 14078 9561046512277
8000 14100 6085322190482
8000 14125 26322301971858
8000 14134 11763222839253
8000 14200 9542128157733
8000 14214 3518929965536
8000 14240 6365994058128
8000 14286 8448871127755
8000 14310 11361169366359
8000 14320 1663733702922
8000 14360 404901891535
8000 14384 1202285060728
8000 14400 4876942745778
8000 14424 454294258120
8000 14440 18442077404135
8000 14462 3053975718552
8000 14500 619362815083
8000 14518 4302085457515
8000 14540 705224280075
8000 14570 2170785442737
8000 14600 17162310310682
8000 14654 7663478802806
8000 14736 2275392473079
8000 14750 22480052185781
8000 14800 68231549219
8000 14900 6701685231558
8000 14980 1373253975941
8000 15000 8115606814759
8000 15200 3506601792588
8008 5700 408022816529
8008 10300 408022816529
8012 3970 720522864639
8012 12030 720522864639
8014 2216 729773161402
8014 3998 2403563649791
8014 12002 2403563649791
8014 13784 729773161402
8024 2000 4072788960540
8024 4000 1141406089597
8024 12000 1141406089597
8024 14000 4072788960540
8042 3952 2230474044455
8042 12048 2230474044455
8048 2000 148693651999
8048 4000 2141088821386
8048 6000 1597674293059
8048 10000 1597674293059
8048 12000 2141088821386
8048 14000 148693651999
8060 5402 2107040183387
8060 5992 555690163445
8060 10008 555690163445
8060 10598 2107040183387
8062 5990 1390847307176
8062 10010 1390847307176
8064 1974 3821196717889
8064 14026 3821196717889
8066 5478 124987030929
8066 5880 797362425889
8066 5934 3469974086554
8066 10066 3469974086554
8066 10120 797362425889
8066 10522 124987030929
8072 4000 327235288299
8072 12000 327235288299
8076 5418 3010592473106
8076 10582 3010592473106
8096 2000 3404364015060
8096 4000 4694403492853
8096 12000 4694403492853
8096 14000 3404364015060
8102 3318 1220106931123
8102 12682 1220106931123
8120 4000 89241058661
8120 12000 89241058661
8125 875 10884318559345
8125 1875 8539879287843
8125 2875 3732145577991
8125 3875 4453371154371
8125 4000 1923391946602
8125 6375 634148384207
8125 6500 2760475944371
8125 9500 2760475944371
8125 9625 634148384207
8125 12000 1923391946602
8125 12125 4453371154371
8125 13125 3732145577991
8125 14125 8539879287843
8125 15125 10884318559345
8128 1972 148693651999
8128 14028 148693651999
8130 1940 4463212033818
8130 14060 4463212033818
8142 5372 1617228589014
8142 10628 1617228589014
8144 2000 3013710401828
8144 4000 663296546462
8144 6000 116480299152
8144 10000 116480299152
8144 12000 663296546462
8144 14000 3013710401828
8164 3824 1491058141474
8164 12176 1491058141474
8168 2000 2819373181489
8168 14000 2819373181489
8170 1962 559717320648
8170 14038 559717320648
8176 5386 1798824569305
8176 10614 1798824569305
8192 2000 214886554889
8192 6000 2959473076998
8192 10000 2959473076998
8192 14000 214886554889
8196 3976 1918156455699
8196 12024 1918156455699
8200 5340 2270994343659
8200 10660 2270994343659
8208 5332 1984409650978
8208 10668 1984409650978
8214 2420 1668991166508
8214 13580 1668991166508
8216 2000 1614394680759
8216 14000 1614394680759
8224 1954 6944165872782
8224 14046 6944165872782
8226 4908 199062391869
8226 11092 199062391869
8240 6000 3389776726364
8240 10000 3389776726364
8242 2956 1460329413574
8242 13044 1460329413574
8250 1500 416742656954
8250 1875 11381779962030
8250 2000 8067354627397
8250 4000 148693652001
8250 4500 3187976971982
8250 4750 3455508679991
8250 5750 2537005900536
8250 6500 3828419491915
8250 6625 1615379051061
8250 7250 21708302848265
8250 7500 3828419491915
8250 7750 20372101883860
8250 8000 8063404395571
8250 8250 20372101883860
8250 8500 3828419491915
8250 8750 21708302848265
8250 9375 1615379051061
8250 9500 3828419491915
8250 10250 2537005900536
8250 11250 3455508679991
8250 11500 3187976971982
8250 12000 148693652001
8250 14000 8067354627397
8250 14125 11381779962030
8250 14500 416742656954
8260 2990 548855721155
8260 13010 548855721155
8262 3144 5507507832019
8262 12856 5507507832019
8264 4000 6853293585251
8264 12000 6853293585251
8288 5282 940123547496
8288 10718 940123547496
8294 5364 926583977891
8294 10636 926583977891
8300 5992 2638496643057
8300 10008 2638496643057
8302 3036 1044480835828
8302 12964 1044480835828
8314 3492 1145150916582
8314 12508 1145150916582
8318 5346 5097176282061
8318 10654 5097176282061
8320 5286 1699379383783
8320 10714 1699379383783
8324 3500 16162973230
8324 12500 16162973230
8336 2000 2363121489106
8336 14000 2363121489106
8360 2000 1305239217654
8360 14000 1305239217654
8366 3626 3965853637455
8366 12374 3965853637455
8375 3000 6913715858123
8375 5875 2957538167172
8375 6000 1836308185262
8375 6750 1161179522144
8375 9250 1161179522144
8375 10000 1836308185262
8375 10125 2957538167172
8375 13000 6913715858123
8408 4000 437877271104
8408 12000 437877271104
8418 3214 2350048234463
8418 12786 2350048234463
8428 3764 1432139695646
8428 12236 1432139695646
8430 3206 2485862292894
8430 12794 2485862292894
8432 2000 1888152900406
8432 4000 1530113046184
8432 6000 6337354517111
8432 10000 6337354517111
8432 12000 1530113046184
8432 14000 1888152900406
8440 3218 2586933774504
8440 12782 2586933774504
8452 3972 5009337203947
8452 12028 5009337203947
8464 3838 751405142648
8464 3980 2182757921249
8464 12020 2182757921249
8464 12162 751405142648
8466 1460 1492300005413
8466 14540 1492300005413
8472 1450 2255253309340
8472 1790 2012711044589
8472 14210 2012711044589
8472 14550 2255253309340
8480 2000 685073088714
8480 4000 4369364199826
8480 12000 4369364199826
8480 14000 685073088714
8486 3306 2543825386004
8486 12694 2543825386004
8494 1896 5979478847227
8494 14104 5979478847227
8498 1764 2116238287877
8498 14236 2116238287877
8500 1250 1400665158307
8500 1875 1166083386172
8500 3250 3189834651135
8500 3500 12453532366624
8500 3750 3080416658182
8500 3964 4913053304960
8500 4500 186457927046
8500 4750 5861168352731
8500 5000 270682494976
8500 5250 7089752299671
8500 5500 1001370268761
8500 6250 5473793160741
8500 6625 6606445806263
8500 6750 9955514009400
8500 7250 17866305110112
8500 7500 3520488756651
8500 7750 3828419491915
8500 8250 3828419491915
8500 8500 3520488756651
8500 8750 17866305110112
8500 9250 9955514009400
8500 9375 6606445806263
8500 9750 5473793160741
8500 10500 1001370268761
8500 10750 7089752299671
8500 11000 270682494976
8500 11250 5861168352731
8500 11500 186457927046
8500 12036 4913053304960
8500 12250 3080416658182
8500 12500 12453532366624
8500 12750 3189834651135
8500 14125 1166083386172
8500 14750 1400665158307
8504 1902 393769678397
8504 2000 5223992576900
8504 14000 5223992576900
8504 14098 393769678397
8520 5962 1684671101172
8520 10038 1684671101172
8522 1746 2316231530593
8522 5934 3846897683936
8522 10066 3846897683936
8522 14254 2316231530593
8526 5972 1347051427009
8526 10028 1347051427009
8528 2000 2354475299442
8528 4000 437877271104
8528 12000 437877271104
8528 14000 2354475299442
8552 2000 1122023528070
8552 4000 1360379709895
8552 12000 1360379709895
8552 14000 1122023528070
8556 1806 3403704740885
8556 14194 3403704740885
8560 1944 1266654948383
8560 5964 454319322741
8560 10036 454319322741
8560 14056 1266654948383
8564 5952 1465543985980
8564 10048 1465543985980
8576 4000 2106046782761
8576 12000 2106046782761
8588 3296 1790152035428
8588 12704 1790152035428
8598 5042 1516969519708
8598 5940 347408107182
8598 10060 347408107182
8598 10958 1516969519708
8600 2000 4433457303532
8600 4000 713326398729
8600 6000 2182757921249
8600 10000 2182757921249
8600 12000 713326398729
8600 14000 4433457303532
8602 1788 1749988279042
8602 14212 1749988279042
8622 5924 2572027721510
8622 10076 2572027721510
8624 4000 597972284165
8624 12000 597972284165
8625 3250 2690296491436
8625 6250 6058049301708
8625 9750 6058049301708
8625 12750 2690296491436
8626 1958 4399208999678
8626 5038 1100999658086
8626 10962 1100999658086
8626 14042 4399208999678
8632 4898 6133300558108
8632 11102 6133300558108
8634 1692 471910091447
8634 14308 471910091447
8646 1968 1160127655200
8646 14032 1160127655200
8648 2000 1132261935524
8648 4000 62814397614
8648 5288 5334160596811
8648 6000 437877271104
8648 10000 437877271104
8648 10712 5334160596811
8648 12000 62814397614
8648 14000 1132261935524
8672 2000 817912031014
8672 4000 2182757921249
8672 5892 2775687803149
8672 6000 1360379709895
8672 10000 1360379709895
8672 10108 2775687803149
8672 12000 2182757921249
8672 14000 817912031014
8686 3344 18478918902169
8686 4950 2817065685267
8686 11050 2817065685267
8686 12656 18478918902169
8692 3420 107886926178
8692 12580 107886926178
8696 2000 621592747102
8696 4000 4652639652899
8696 6000 2106046782761
8696 10000 2106046782761
8696 12000 4652639652899
8696 14000 621592747102
8698 1960 1678436655125
8698 14040 1678436655125
8704 5268 7968771762082
8704 10732 7968771762082
8710 1788 4179038562204
8710 14212 4179038562204
8720 1862 4069368391191
8720 2000 2116802307020
8720 4000 2682397044432
8720 6000 2604412257546
8720 10000 2604412257546
8720 12000 2682397044432
8720 14000 2116802307020
8720 14138 4069368391191
8726 5698 3143179024864
8726 10302 3143179024864
8732 5296 4415205890176
8732 10704 4415205890176
8738 4882 2911890251420
8738 11118 2911890251420
8744 2000 3144667801094
8744 14000 3144667801094
8750 2000 2965294210365
8750 2750 278982311239
8750 3500 4201586015729
8750 4000 916551717564
8750 4500 41602658928
8750 4750 6161529740584
8750 5000 605389337080
8750 5250 9828019079878
8750 5500 2000673470835
8750 6250 6884879610007
8750 6500 5767197636834
8750 6625 8120690514145
8750 6750 18864393447610
8750 7000 15224047274038
8750 7250 33031704838062
8750 7500 17866305110112
8750 7750 21708302848265
8750 8000 7741857724817
8750 8250 21708302848265
8750 8500 17866305110112
8750 8750 33031704838062
8750 9000 15224047274038
8750 9250 18864393447610
8750 9375 8120690514145
8750 9500 5767197636834
8750 9750 6884879610007
8750 10500 2000673470835
8750 10750 9828019079878
8750 11000 605389337080
8750 11250 6161529740584
8750 11500 41602658928
8750 12000 916551717564
8750 12500 4201586015729
8750 13250 278982311239
8750 14000 2965294210365
8762 3496 490432580314
8762 12504 490432580314
8766 1806 3958374676978
8766 14194 3958374676978
8768 2000 1282633623130
8768 4000 2714711876030
8768 6000 1586032290598
8768 10000 1586032290598
8768 12000 2714711876030
8768 14000 1282633623130
8770 3580 1814467950948
8770 12420 1814467950948
8780 3340 2240496119994
8780 12660 2240496119994
8784 3480 2050358430992
8784 12520 2050358430992
8786 1572 4304422311619
8786 14428 4304422311619
8792 2000 929870598585
8792 4000 1818412884158
8792 12000 1818412884158
8792 14000 929870598585
8796 4736 1586032290598
8796 11264 1586032290598
8798 1850 1317081763237
8798 14150 1317081763237
8800 3432 2880463644940
8800 12568 2880463644940
8810 1960 1602903639551
8810 14040 1602903639551
8816 4000 357821350901
8816 6000 357821350901
8816 10000 357821350901
8816 12000 357821350901
8826 3560 2999948930537
8826 12440 2999948930537
8840 4000 3290037491897
8840 6000 3290037491897
8840 10000 3290037491897
8840 12000 3290037491897
8848 1998 3365116986287
8848 14002 3365116986287
8850 3636 3463473410567
8850 12364 3463473410567
8852 1814 1889637139013
8852 14186 1889637139013
8860 3560 801316270728
8860 12440 801316270728
8864 2000 376400695473
8864 4000 2106046782761
8864 6000 1557383329454
8864 10000 1557383329454
8864 12000 2106046782761
8864 14000 376400695473
8875 2000 929870598585
8875 3625 5448598389399
8875 12375 5448598389399
8875 14000 929870598585
8888 1828 5232355351084
8888 2000 1282633623130
8888 6000 825929287007
8888 10000 825929287007
8888 14000 1282633623130
8888 14172 5232355351084
8900 3666 128570315639
8900 12334 128570315639
8910 4742 1217331618004
8910 11258 1217331618004
8912 2000 1282633623130
8912 4000 1673003105629
8912 6000 2324575693533
8912 10000 2324575693533
8912 12000 1673003105629
8912 14000 1282633623130
8920 1782 2574789666766
8920 3652 548855721155
8920 12348 548855721155
8920 14218 2574789666766
8936 2000 2424524523905
8936 4000 1337415859732
8936 6000 2000673470835
8936 10000 2000673470835
8936 12000 1337415859732
8936 14000 2424524523905
8946 5692 347408107182
8946 10308 347408107182
8954 4586 1141406089597
8954 11414 1141406089597
8958 5676 2171716809670
8958 10324 2171716809670
8960 4822 645559772037
8960 6000 3598948761995
8960 10000 3598948761995
8960 11178 645559772037
8962 5374 8740282951895
8962 10626 8740282951895
8976 5318 4425829092841
8976 10682 4425829092841
8980 3660 93724761512
8980 12340 93724761512
8984 2000 5191044794699
8984 4000 5191044794700
8984 5730 2274864742332
8984 10270 2274864742332
8984 12000 5191044794700
8984 14000 5191044794699
8986 3828 10815589606572
8986 12172 10815589606572
8990 4566 2782559861692
8990 11434 2782559861692
8992 2164 1120294057731
8992 13836 1120294057731
8994 3732 26780595410
8994 12268 26780595410
9000 1500 1244190217454
9000 1750 2314621587595
9000 1875 6532531339269
9000 2000 5863631808668
9000 3000 2110533361887
9000 3250 1398385962965
9000 3500 3256271255537
9000 3625 7361094952266
9000 3750 794292118185
9000 4000 5505704661103
9000 4500 1762312756736
9000 4625 2637176338884
9000 4750 5308538889539
9000 5000 5129019804645
9000 5250 13610341346142
9000 5500 2668400735882
9000 5625 3562100513198
9000 5750 2164888055560
9000 5875 2631154863052
9000 6000 5116465743003
9000 6250 4268839086258
9000 6625 5675040742627
9000 6750 12681195665003
9000 7000 4329461130177
9000 7250 15224047274038
9000 8000 29021758432881
9000 8750 15224047274038
9000 9000 4329461130177
9000 9250 12681195665003
9000 9375 5675040742627
9000 9750 4268839086258
9000 10000 5116465743003
9000 10125 2631154863052
9000 10250 2164888055560
9000 10375 3562100513198
9000 10500 2668400735882
9000 10750 13610341346142
9000 11000 5129019804645
9000 11250 5308538889539
9000 11375 2637176338884
9000 11500 1762312756736
9000 12000 5505704661103
9000 12250 794292118185
9000 12375 7361094952266
9000 12500 3256271255537
9000 12750 1398385962965
9000 13000 2110533361887
9000 14000 5863631808668
9000 14125 6532531339269
9000 14250 2314621587595
9000 14500 1244190217454
9125 1875 9045469634546
9125 2000 15866362172492
9125 3625 10508985447226
9125 3750 1410902850392
9125 4000 17469265810439
9125 6000 15183179057847
9125 8000 5191148348736
9125 10000 15183179057847
9125 12000 17469265810439
9125 12250 1410902850392
9125 12375 10508985447226
9125 14000 15866362172492
9125 14125 9045469634546
9250 1500 1494204833928
9250 1750 16621247445952
9250 2000 16574499045658
9250 3000 6667554990350
9250 3250 4823780012709
9250 3500 14448510959426
9250 3625 3727536237027
9250 3750 2043269768888
9250 4000 10290655611946
9250 4500 2857934123706
9250 4750 8344287653486
9250 5000 4218229566990
9250 5250 14336528215077
9250 5500 11730540798500
9250 5625 881889896717
9250 5750 1722522358224
9250 6000 8714546026110
9250 6250 3571376321478
9250 6750 14066022205400
9250 7000 12681195665003
9250 7250 18864393447610
9250 7500 9955514009400
9250 7625 1161179522144
9250 8000 9954376215084
9250 8375 1161179522144
9250 8500 9955514009400
9250 8750 18864393447610
9250 9000 12681195665003
9250 9250 14066022205400
9250 9750 3571376321478
9250 10000 8714546026110
9250 10250 1722522358224
9250 10375 881889896717
9250 10500 11730540798500
9250 10750 14336528215077
9250 11000 4218229566990
9250 11250 8344287653486
9250 11500 2857934123706
9250 12000 10290655611946
9250 12250 2043269768888
9250 12375 3727536237027
9250 12500 14448510959426
9250 12750 4823780012709
9250 13000 6667554990350
9250 14000 16574499045658
9250 14250 16621247445952
9250 14500 1494204833928
9375 2000 14551976605159
9375 3250 2393749625700
9375 3500 5512893357014
9375 4000 8910539976215
9375 4125 1714882149994
9375 4250 1727937517496
9375 5000 11771005581272
9375 5250 1347051425662
9375 5500 3844868944944
9375 6000 8419335211364
9375 6250 621351460501
9375 7000 5675040742627
9375 7250 8120690514145
9375 7500 6606445806263
9375 7750 1615379051061
9375 8000 6262853659306
9375 8250 1615379051061
9375 8500 6606445806263
9375 8750 8120690514145
9375 9000 5675040742627
9375 9750 621351460501
9375 10000 8419335211364
9375 10500 3844868944944
9375 10750 1347051425662
9375 11000 11771005581272
9375 11750 1727937517496
9375 11875 1714882149994
9375 12000 8910539976215
9375 12500 5512893357014
9375 12750 2393749625700
9375 14000 14551976605159
9500 1250 1891210552286
9500 1500 14824377715
9500 1750 2492696031093
9500 1875 6445180856612
9500 2000 11880947607116
9500 2750 694257018320
9500 3000 2360612192516
9500 3250 6881368451281
9500 3500 5977399946656
9500 3750 7482950440843
9500 4000 12131713985315
9500 4500 2080175497958
9500 4750 474533896430
9500 5000 7893889711000
9500 5250 2350839844777
9500 5500 238002533266
9500 5750 1836280574381
9500 5875 357821350542
9500 6000 4942063075802
9500 6250 2678727859283
9500 6500 2080175497958
9500 7250 5767197636834
9500 7750 3828419491915
9500 7875 2760475944371
9500 8000 8769196421203
9500 8125 2760475944371
9500 8250 3828419491915
9500 8750 5767197636834
9500 9500 2080175497958
9500 9750 2678727859283
9500 10000 4942063075802
9500 10125 357821350542
9500 10250 1836280574381
9500 10500 238002533266
9500 10750 2350839844777
9500 11000 7893889711000
9500 11250 474533896430
9500 11500 2080175497958
9500 12000 12131713985315
9500 12250 7482950440843
9500 12500 5977399946656
9500 12750 6881368451281
9500 13000 2360612192516
9500 13250 694257018320
9500 14000 11880947607116
9500 14125 6445180856612
9500 14250 2492696031093
9500 14500 14824377715
9500 14750 1891210552286
9625 1875 4609030639439
9625 2000 14440222405733
9625 3000 3189163318653
9625 3500 4736641979397
9625 4000 8574941852937
9625 4125 979504099172
9625 5875 4899933378104
9625 6000 9673547360721
9625 7875 634148384207
9625 8000 9659993099933
9625 8125 634148384207
9625 10000 9673547360721
9625 10125 4899933378104
9625 11875 979504099172
9625 12000 8574941852937
9625 12500 4736641979397
9625 13000 3189163318653
9625 14000 14440222405733
9625 14125 4609030639439
9750 1250 543729964285
9750 1500 1000575971933
9750 1875 9600112999330
9750 2000 10953408663590
9750 3000 4568193471613
9750 3250 3939307643511
9750 3750 628429360141
9750 4000 6309289426432
9750 4750 909491614125
9750 5000 4692380922527
9750 5250 3030371211749
9750 5750 80109875918
9750 5875 2284103168336
9750 6000 5161717172113
9750 6125 1132971627198
9750 6500 2678727859283
9750 6625 621351460501
9750 6750 3571376321478
9750 7000 4268839086258
9750 7250 6884879610007
9750 7375 6058049301708
9750 7500 5473793160741
9750 8000 5801751695324
9750 8500 5473793160741
9750 8625 6058049301708
9750 8750 6884879610007
9750 9000 4268839086258
9750 9250 3571376321478
9750 9375 621351460501
9750 9500 2678727859283
9750 9875 1132971627198
9750 10000 5161717172113
9750 10125 2284103168336
9750 10250 80109875918
9750 10750 3030371211749
9750 11000 4692380922527
9750 11250 909491614125
9750 12000 6309289426432
9750 12250 628429360141
9750 12750 3939307643511
9750 13000 4568193471613
9750 14000 10953408663590
9750 14125 9600112999330
9750 14500 1000575971933
9750 14750 543729964285
9875 1875 7330433485737
9875 2000 8042679322384
9875 2250 44758976317
9875 2375 237671328355
9875 2875 1484619284361
9875 3500 1565251703459
9875 3625 576686088471
9875 3875 5142948678681
9875 4000 6465423759492
9875 4750 559229892190
9875 5375 2024283894126
9875 5500 2457086974135
9875 6000 6219167401363
9875 6125 2873545443540
9875 6250 1132971627198
9875 9750 1132971627198
9875 9875 2873545443540
9875 10000 6219167401363
9875 10500 2457086974135
9875 10625 2024283894126
9875 11250 559229892190
9875 12000 6465423759492
9875 12125 5142948678681
9875 12375 576686088471
9875 12500 1565251703459
9875 13125 1484619284361
9875 13625 237671328355
9875 13750 44758976317
9875 14000 8042679322384
9875 14125 7330433485737
10000 620 28765412
10000 700 615982459265
10000 750 6078848843414
10000 800 303705183753
10000 860 380422528429
10000 928 907347282737
10000 1000 3335873532716
10000 1020 5172940955161
10000 1060 1819268265433
10000 1100 1749569680455
10000 1164 3464563339794
10000 1166 1572691183115
10000 1200 5917533556171
10000 1240 2969453127372
10000 1250 22706866988232
10000 1264 921614925390
10000 1300 3884193120111
10000 1320 813313162098
10000 1346 611408759301
10000 1364 6924437917987
10000 1370 127632117856
10000 1400 853153252978
10000 1430 1053389262080
10000 1460 2995888537855
10000 1482 2011421194726
10000 1500 18045916033489
10000 1538 1694771577112
10000 1560 2374728305051
10000 1568 261736452643
10000 1576 2447533554156
10000 1600 2621966991766
10000 1616 4338801637256
10000 1640 5114460879527
10000 1680 6009381505756
10000 1690 3670005887847
10000 1714 3948311215829
10000 1748 656023908004
10000 1750 14718914384352
10000 1760 4671818772350
10000 1786 3020051481060
10000 1800 1657980619546
10000 1828 3535297479484
10000 1866 2930188344664
10000 1875 43748855164561
10000 1900 6085322184397
10000 1922 9561046502716
10000 1928 356230819817
10000 1934 1890922898198
10000 1960 9495317544118
10000 1980 7412414309083
10000 1996 666839701626
10000 2000 3921270212695
10000 2040 28765412
10000 2064 385514005747
10000 2088 376913148584
10000 2112 500431813011
10000 2125 1494899320326
10000 2136 238695360372
10000 2160 317138629561
10000 2184 398199550931
10000 2208 248792018782
10000 2232 669025872679
10000 2250 1766087067621
10000 2256 213525627866
10000 2280 282073596504
10000 2304 517115749986
10000 2352 738062853263
10000 2376 764958510282
10000 2400 750834694673
10000 2424 182056270884
10000 2448 878466812524
10000 2472 836095365693
10000 2496 539926718988
10000 2500 1644134346664
10000 2520 1942528041186
10000 2544 1978599863540
10000 2568 1678749244539
10000 2592 2517749916492
10000 2616 2087016688464
10000 2625 10052643260881
10000 2640 1897654003807
10000 2664 1635255946770
10000 2688 1871765136085
10000 2712 1754661157773
10000 2736 1393942934218
10000 2750 11142658370561
10000 2760 1910080660310
10000 2784 1533426400408
10000 2808 1749368322592
10000 2832 1435854134517
10000 2856 1924434599189
10000 2880 1746261658468
10000 2904 1555144283883
10000 2928 1034030142109
10000 2952 1402256137296
10000 2976 1517806783551
10000 3000 10718509013026
10000 3024 1619003490923
10000 3048 1318059786396
10000 3072 1750576469751
10000 3096 1798873590754
10000 3120 1478254346756
10000 3125 15459967413948
10000 3144 1947216802783
10000 3168 1920407441990
10000 3192 1760212881626
10000 3216 1639513227239
10000 3240 1838483558364
10000 3250 11208702633147
10000 3264 1858561813551
10000 3288 1617824109171
10000 3312 1522984557095
10000 3336 2064493373551
10000 3360 1780866444986
10000 3384 1819613450335
10000 3408 1207312963375
10000 3432 1517001352109
10000 3456 1506358150938
10000 3480 1104131442808
10000 3500 9585333889874
10000 3504 1456536463281
10000 3528 1693103183418
10000 3552 1364343328792
10000 3576 1504660991832
10000 3600 1729318832816
10000 3624 821396241911
10000 3625 5375610347400
10000 3648 1601197703014
10000 3672 1108302427051
10000 3696 1226902206615
10000 3720 929870597654
10000 3744 1225406405368
10000 3750 7875800670030
10000 3768 1061817526792
10000 3792 1074848256879
10000 3816 1143856472055
10000 3840 1104102677401
10000 3864 1337620264225
10000 3875 5272082154211
10000 3888 1108762673591
10000 3912 1185825203165
10000 3936 1709902182026
10000 3960 1025832000664
10000 3984 1304655105999
10000 4000 3690842242223
10000 4032 540185607665
10000 4056 258313369020
10000 4080 961368720044
10000 4104 409792010584
10000 4125 368494187528
10000 4128 583477547571
10000 4152 349183294716
10000 4176 304338022744
10000 4200 683840058097
10000 4224 475348376731
10000 4248 735790385985
10000 4250 3627351702671
10000 4272 688615115920
10000 4296 810148967156
10000 4320 801404282949
10000 4344 750633336810
10000 4368 718301017571
10000 4392 944454659798
10000 4416 983719442506
10000 4440 1458578807289
10000 4464 1207485555826
10000 4488 900875065808
10000 4500 4889911168322
10000 4512 616672829071
10000 4536 1398976880721
10000 4560 1038690138299
10000 4584 1130336730022
10000 4608 1507221113194
10000 4632 1674319371615
10000 4656 1476010644888
10000 4680 1624382622325
10000 4704 1346249886799
10000 4728 1745974004380
10000 4750 9061218763289
10000 4752 2278565544178
10000 4800 2302009352166
10000 4824 2007911814881
10000 4848 1119319578537
10000 4872 1606289180332
10000 4875 8133372448972
10000 4896 1530060847603
10000 4920 2238639157073
10000 4944 1249195398263
10000 4968 1559056379449
10000 4992 2124066534712
10000 5000 14222757912487
10000 5016 1946727790836
10000 5040 952250085523
10000 5064 1405707986327
10000 5088 2140434052192
10000 5112 1206219877848
10000 5136 1712634895840
10000 5160 1547866635512
10000 5184 1596537706824
10000 5208 1863365636781
10000 5232 1627719409723
10000 5250 25478113980463
10000 5256 1503021363544
10000 5280 2076459783518
10000 5304 1574934884982
10000 5328 946123053497
10000 5352 1864487487718
10000 5376 1292516103576
10000 5400 1485330637268
10000 5424 1176505210790
10000 5448 1888506603879
10000 5472 913704438032
10000 5496 1458636338108
10000 5500 13289870954087
10000 5520 1216460363303
10000 5544 1421011183692
10000 5568 926246156172
10000 5592 1364285797978
10000 5616 790818612592
10000 5640 1179439282462
10000 5664 993240792747
10000 5688 824560436853
10000 5712 565182747719
10000 5736 925009243602
10000 5750 3036449369659
10000 5760 620642455451
10000 5784 756789134247
10000 5808 447762349907
10000 5832 523616732322
10000 5856 680675863151
10000 5875 3781585203965
10000 5880 697273503901
10000 5904 491140586043
10000 5928 583995324925
10000 5952 837619932347
10000 5976 431394832427
10000 6000 4603208739339
10000 6125 6219167401363
10000 6250 5161717172113
10000 6375 9673547360721
10000 6500 4942063075802
10000 6625 8419335211364
10000 6750 8714546026110
10000 6875 15183179057847
10000 7000 5116465743003
10000 7040 3598948761995
10000 7064 2000673470835
10000 7088 2324575693533
10000 7112 825929287007
10000 7136 1557383329454
10000 7160 3290037491897
10000 7184 357821350901
10000 7232 1586032290598
10000 7280 2604412257546
10000 7304 2106046782761
10000 7328 1360379709895
10000 7352 437877271104
10000 7400 2182757921249
10000 7568 6337354517111
10000 7625 1836308185262
10000 7760 3389776726364
10000 7808 2959473076998
10000 7856 116480299152
10000 7952 1597674293059
10000 8000 1726625605417
10000 8048 1597674293059
10000 8144 116480299152
10000 8192 2959473076998
10000 8240 3389776726364
10000 8375 1836308185262
10000 8432 6337354517111
10000 8600 2182757921249
10000 8648 437877271104
10000 8672 1360379709895
10000 8696 2106046782761
10000 8720 2604412257546
10000 8768 1586032290598
10000 8816 357821350901
10000 8840 3290037491897
10000 8864 1557383329454
10000 8888 825929287007
10000 8912 2324575693533
10000 8936 2000673470835
10000 8960 3598948761995
10000 9000 5116465743003
10000 9125 15183179057847
10000 9250 8714546026110
10000 9375 8419335211364
10000 9500 4942063075802
10000 9625 9673547360721
10000 9750 5161717172113
10000 9875 6219167401363
10000 10000 4603208739339
10000 10024 431394832427
10000 10048 837619932347
10000 10072 583995324925
10000 10096 491140586043
10000 10120 697273503901
10000 10125 3781585203965
10000 10144 680675863151
10000 10168 523616732322
10000 10192 447762349907
10000 10216 756789134247
10000 10240 620642455451
10000 10250 3036449369659
10000 10264 925009243602
10000 10288 565182747719
10000 10312 824560436853
10000 10336 993240792747
10000 10360 1179439282462
10000 10384 790818612592
10000 10408 1364285797978
10000 10432 926246156172
10000 10456 1421011183692
10000 10480 1216460363303
10000 10500 13289870954087
10000 10504 1458636338108
10000 10528 913704438032
10000 10552 1888506603879
10000 10576 1176505210790
10000 10600 1485330637268
10000 10624 1292516103576
10000 10648 1864487487718
10000 10672 946123053497
10000 10696 1574934884982
10000 10720 2076459783518
10000 10744 1503021363544
10000 10750 25478113980463
10000 10768 1627719409723
10000 10792 1863365636781
10000 10816 1596537706824
10000 10840 1547866635512
10000 10864 1712634895840
10000 10888 1206219877848
10000 10912 2140434052192
10000 10936 1405707986327
10000 10960 952250085523
10000 10984 1946727790836
10000 11000 14222757912487
10000 11008 2124066534712
10000 11032 1559056379449
10000 11056 1249195398263
10000 11080 2238639157073
10000 11104 1530060847603
10000 11125 8133372448972
10000 11128 1606289180332
10000 11152 1119319578537
10000 11176 2007911814881
10000 11200 2302009352166
10000 11248 2278565544178
10000 11250 9061218763289
10000 11272 1745974004380
10000 11296 1346249886799
10000 11320 1624382622325
10000 11344 1476010644888
10000 11368 1674319371615
10000 11392 1507221113194
10000 11416 1130336730022
10000 11440 1038690138299
10000 11464 1398976880721
10000 11488 616672829071
10000 11500 4889911168322
10000 11512 900875065808
10000 11536 1207485555826
10000 11560 1458578807289
10000 11584 983719442506
10000 11608 944454659798
10000 11632 718301017571
10000 11656 750633336810
10000 11680 801404282949
10000 11704 810148967156
10000 11728 688615115920
10000 11750 3627351702671
10000 11752 735790385985
10000 11776 475348376731
10000 11800 683840058097
10000 11824 304338022744
10000 11848 349183294716
10000 11872 583477547571
10000 11875 368494187528
10000 11896 409792010584
10000 11920 961368720044
10000 11944 258313369020
10000 11968 540185607665
10000 12000 3690842242223
10000 12016 1304655105999
10000 12040 1025832000664
10000 12064 1709902182026
10000 12088 1185825203165
10000 12112 1108762673591
10000 12125 5272082154211
10000 12136 1337620264225
10000 12160 1104102677401
10000 12184 1143856472055
10000 12208 1074848256879
10000 12232 1061817526792
10000 12250 7875800670030
10000 12256 1225406405368
10000 12280 929870597654
10000 12304 1226902206615
10000 12328 1108302427051
10000 12352 1601197703014
10000 12375 5375610347400
10000 12376 821396241911
10000 12400 1729318832816
10000 12424 1504660991832
10000 12448 1364343328792
10000 12472 1693103183418
10000 12496 1456536463281
10000 12500 9585333889874
10000 12520 1104131442808
10000 12544 1506358150938
10000 12568 1517001352109
10000 12592 1207312963375
10000 12616 1819613450335
10000 12640 1780866444986
10000 12664 2064493373551
10000 12688 1522984557095
10000 12712 1617824109171
10000 12736 1858561813551
10000 12750 11208702633147
10000 12760 1838483558364
10000 12784 1639513227239
10000 12808 1760212881626
10000 12832 1920407441990
10000 12856 1947216802783
10000 12875 15459967413948
10000 12880 1478254346756
10000 12904 1798873590754
10000 12928 1750576469751
10000 12952 1318059786396
10000 12976 1619003490923
10000 13000 10718509013026
10000 13024 1517806783551
10000 13048 1402256137296
10000 13072 1034030142109
10000 13096 1555144283883
10000 13120 1746261658468
10000 13144 1924434599189
10000 13168 1435854134517
10000 13192 1749368322592
10000 13216 1533426400408
10000 13240 1910080660310
10000 13250 11142658370561
10000 13264 1393942934218
10000 13288 1754661157773
10000 13312 1871765136085
10000 13336 1635255946770
10000 13360 1897654003807
10000 13375 10052643260881
10000 13384 2087016688464
10000 13408 2517749916492
10000 13432 1678749244539
10000 13456 1978599863540
10000 13480 1942528041186
10000 13500 1644134346664
10000 13504 539926718988
10000 13528 836095365693
10000 13552 878466812524
10000 13576 182056270884
10000 13600 750834694673
10000 13624 764958510282
10000 13648 738062853263
10000 13696 517115749986
10000 13720 282073596504
10000 13744 213525627866
10000 13750 1766087067621
10000 13768 669025872679
10000 13792 248792018782
10000 13816 398199550931
10000 13840 317138629561
10000 13864 238695360372
10000 13875 1494899320326
10000 13888 500431813011
10000 13912 376913148584
10000 13936 385514005747
10000 13960 28765412
10000 14000 3921270212695
10000 14004 666839701626
10000 14020 7412414309083
10000 14040 9495317544118
10000 14066 1890922898198
10000 14072 356230819817
10000 14078 9561046502716
10000 14100 6085322184397
10000 14125 43748855164561
10000 14134 2930188344664
10000 14172 3535297479484
10000 14200 1657980619546
10000 14214 3020051481060
10000 14240 4671818772350
10000 14250 14718914384352
10000 14252 656023908004
10000 14286 3948311215829
10000 14310 3670005887847
10000 14320 6009381505756
10000 14360 5114460879527
10000 14384 4338801637256
10000 14400 2621966991766
10000 14424 2447533554156
10000 14432 261736452643
10000 14440 2374728305051
10000 14462 1694771577112
10000 14500 18045916033489
10000 14518 2011421194726
10000 14540 2995888537855
10000 14570 1053389262080
10000 14600 853153252978
10000 14630 127632117856
10000 14636 6924437917987
10000 14654 611408759301
10000 14680 813313162098
10000 14700 3884193120111
10000 14736 921614925390
10000 14750 22706866988232
10000 14760 2969453127372
10000 14800 5917533556171
10000 14834 1572691183115
10000 14836 3464563339794
10000 14900 1749569680455
10000 14940 1819268265433
10000 14980 5172940955161
10000 15000 3335873532716
10000 15072 907347282737
10000 15140 380422528429
10000 15200 303705183753
10000 15250 6078848843414
10000 15300 615982459265
10000 15380 28765412
10004 3998 691750545455
10004 12002 691750545455
10006 2046 313658015123
10006 4020 473651217625
10006 4138 444943339867
10006 11862 444943339867
10006 11980 473651217625
10006 13954 313658015123
10008 5700 187205279020
10008 5940 468876159802
10008 5952 49821687658
10008 7700 2638496643057
10008 7940 555690163445
10008 8060 555690163445
10008 8300 2638496643057
10008 10048 49821687658
10008 10060 468876159802
10008 10300 187205279020
10010 2078 589748406641
10010 5938 22552080325
10010 5960 344552063934
10010 7938 1390847307176
10010 8062 1390847307176
10010 10040 344552063934
10010 10062 22552080325
10010 13922 589748406641
10012 3970 267173114864
10012 3982 119721630498
10012 12018 119721630498
10012 12030 267173114864
10014 2216 57530819
10014 3998 672707844975
10014 4098 608503453032
10014 4382 110976946291
10014 11618 110976946291
10014 11902 608503453032
10014 12002 672707844975
10014 13784 57530819
10016 5926 555690162888
10016 10074 555690162888
10020 2190 572949408032
10020 13810 572949408032
10022 2188 741974948829
10022 2202 208836866270
10022 2220 87216718808
10022 4394 342480954518
10022 11606 342480954518
10022 13780 87216718808
10022 13798 208836866270
10022 13812 741974948829
10024 1994 1018813240970
10024 2000 2038086728475
10024 4000 1256875762351
10024 5904 284432360008
10024 6000 431394832427
10024 10000 431394832427
10024 10096 284432360008
10024 12000 1256875762351
10024 14000 2038086728475
10024 14006 1018813240970
10026 4400 132493471908
10026 11600 132493471908
10028 5474 339086636306
10028 7474 1347051427009
10028 8526 1347051427009
10028 10526 339086636306
10032 5916 468876159802
10032 10084 468876159802
10036 5440 175238869053
10036 5484 267173114864
10036 7440 454319322741
10036 8560 454319322741
10036 10516 267173114864
10036 10560 175238869053
10038 5480 65872785642
10038 7480 1684671101172
10038 8520 1684671101172
10038 10520 65872785642
10040 1986 1304511278955
10040 3916 37912808508
10040 3970 417788794172
10040 5990 344552063934
10040 10010 344552063934
10040 12030 417788794172
10040 12084 37912808508
10040 14014 1304511278955
10042 3952 468991221435
10042 12048 468991221435
10044 1992 1436774627588
10044 14008 1436774627588
10048 2000 1333679403252
10048 4000 1452365479038
10048 5436 236336596868
10048 5992 49821687658
10048 6000 837619932347
10048 7436 1465543985980
10048 8000 1530113046184
10048 8564 1465543985980
10048 10000 837619932347
10048 10008 49821687658
10048 10564 236336596868
10048 12000 1452365479038
10048 14000 1333679403252
10052 3980 59889580661
10052 12020 59889580661
10056 4626 131918163735
10056 5908 662122174622
10056 10092 662122174622
10056 11374 131918163735
10060 3962 507076622390
10060 5402 1283109814975
10060 5992 468876159802
10060 7402 347408107182
10060 8598 347408107182
10060 10008 468876159802
10060 10598 1283109814975
10060 12038 507076622390
10062 4604 175411461504
10062 5990 22552080325
10062 10010 22552080325
10062 11396 175411461504
10064 1974 559717320087
10064 14026 559717320087
10066 5478 117132743728
10066 5880 326257264078
10066 5934 429467550051
10066 7478 3846897683936
10066 7934 3469974086554
10066 8066 3469974086554
10066 8522 3846897683936
10066 10066 429467550051
10066 10120 326257264078
10066 10522 117132743728
10070 1998 57530819
10070 14002 57530819
10072 1982 1107583291839
10072 2000 3106779187916
10072 4000 1471580771969
10072 6000 583995324925
10072 8000 5984348922492
10072 10000 583995324925
10072 12000 1471580771969
10072 14000 3106779187916
10072 14018 1107583291839
10074 5984 555690162888
10074 10016 555690162888
10076 5378 756472714752
10076 5418 30721456363
10076 7378 2572027721510
10076 8622 2572027721510
10076 10582 30721456363
10076 10622 756472714752
10080 4566 16683936976
10080 11434 16683936976
10082 3260 977793768342
10082 3948 342480954518
10082 4664 340697499186
10082 11336 340697499186
10082 12052 342480954518
10082 12740 977793768342
10084 4616 57530819
10084 4724 219710190711
10084 5968 468876159802
10084 10032 468876159802
10084 11276 219710190711
10084 11384 57530819
10088 3822 113795956331
10088 3986 675641916652
10088 12014 675641916652
10088 12178 113795956331
10092 5944 662122174622
10092 10056 662122174622
10094 4606 502359095386
10094 5394 420377680941
10094 10606 420377680941
10094 11394 502359095386
10096 2000 1587275245263
10096 3994 309745919557
10096 4000 1173456077481
10096 5976 284432360008
10096 6000 491140586043
10096 8000 491140586534
10096 10000 491140586043
10096 10024 284432360008
10096 12000 1173456077481
10096 12006 309745919557
10096 14000 1587275245263
10100 1962 57530819
10100 4780 505465759510
10100 11220 505465759510
10100 14038 57530819
10102 3318 452134692012
10102 12682 452134692012
10104 1962 682200429806
10104 14038 682200429806
10106 5400 5005181097
10106 10600 5005181097
10108 5328 320734305631
10108 7328 2775687803149
10108 8672 2775687803149
10108 10672 320734305631
10116 4846 57530819
10116 11154 57530819
10120 2000 790991205044
10120 3990 19848131922
10120 4000 1406053171229
10120 4666 565700525073
10120 5420 308767895664
10120 5934 326257264078
10120 6000 697273503901
10120 7934 797362425889
10120 8066 797362425889
10120 10000 697273503901
10120 10066 326257264078
10120 10580 308767895664
10120 11334 565700525073
10120 12000 1406053171229
10120 12010 19848131922
10120 14000 790991205044
10124 3998 113508302247
10124 4894 90208321298
10124 5346 110056453216
10124 10654 110056453216
10124 11106 90208321298
10124 12002 113508302247
10125 750 210185384519
10125 875 2835109790889
10125 1875 12282420848657
10125 2000 6519838189907
10125 3625 1071425173259
10125 3875 3575458710087
10125 6000 3781585203965
10125 6250 2284103168336
10125 6375 4899933378104
10125 6500 357821350542
10125 7000 2631154863052
10125 7625 2957538167172
10125 8375 2957538167172
10125 9000 2631154863052
10125 9500 357821350542
10125 9625 4899933378104
10125 9750 2284103168336
10125 10000 3781585203965
10125 12125 3575458710087
10125 12375 1071425173259
10125 14000 6519838189907
10125 14125 12282420848657
10125 15125 2835109790889
10125 15250 210185384519
10128 1972 535094130347
10128 5336 516339083955
10128 10664 516339083955
10128 14028 535094130347
10130 1940 1081521831670
10130 14060 1081521831670
10140 1966 565182747719
10140 1976 57530819
10140 4928 334714294200
10140 11072 334714294200
10140 14024 57530819
10140 14034 565182747719
10142 5372 515648714146
10142 10628 515648714146
10144 1978 774422329705
10144 2000 1648545565530
10144 4000 930158251738
10144 6000 680675863151
10144 10000 680675863151
10144 12000 930158251738
10144 14000 1648545565530
10144 14022 774422329705
10152 3018 113508302247
10152 12982 113508302247
10154 4752 331492568440
10154 11248 331492568440
10156 1966 317339987419
10156 3002 485099850238
10156 5004 282303719773
10156 10996 282303719773
10156 12998 485099850238
10156 14034 317339987419
10158 3990 160223325776
10158 5390 734265819330
10158 10610 734265819330
10158 12010 160223325776
10162 5360 392072518901
10162 10640 392072518901
10164 3824 225693395697
10164 12176 225693395697
10166 5004 792947252827
10166 10996 792947252827
10168 2000 1149465726727
10168 4000 1428835374824
10168 6000 523616732322
10168 8000 2223148605065
10168 10000 523616732322
10168 12000 1428835374824
10168 14000 1149465726727
10170 1962 1415258101976
10170 3034 691865607088
10170 12966 691865607088
10170 14038 1415258101976
10176 5386 183638368357
10176 10614 183638368357
10182 3066 253480780379
10182 12934 253480780379
10190 2402 88022150246
10190 13598 88022150246
10192 2000 1242377996428
10192 4000 936083925905
10192 6000 447762349907
10192 10000 447762349907
10192 12000 936083925905
10192 14000 1242377996428
10196 3976 105684111115
10196 12024 105684111115
10198 3086 563686946471
10198 5144 299390372470
10198 10856 299390372470
10198 12914 563686946471
10200 2400 80370551565
10200 5340 57530819
10200 10660 57530819
10200 13600 80370551565
10204 1960 404901891129
10204 3500 57530819
10204 12500 57530819
10204 14040 404901891129
10208 5332 325681955909
10208 10668 325681955909
10212 2492 497584037560
10212 3556 113508302247
10212 12444 113508302247
10212 13508 497584037560
10214 2420 277471131133
10214 4892 154009997520
10214 11108 154009997520
10214 13580 277471131133
10216 2000 1315039418493
10216 4000 1202048893605
10216 6000 756789134247
10216 10000 756789134247
10216 12000 1202048893605
10216 14000 1315039418493
10220 3160 131342855563
10220 12840 131342855563
10222 3150 586986927420
10222 5116 193591199723
10222 5220 342596016151
10222 10780 342596016151
10222 10884 193591199723
10222 12850 586986927420
10224 1954 427051255732
10224 14046 427051255732
10226 4908 888103224398
10226 11092 888103224398
10240 2000 2413245187134
10240 4000 1832874303692
10240 6000 620642455451
10240 8000 2362554261396
10240 10000 620642455451
10240 12000 1832874303692
10240 14000 2413245187134
10242 2956 873950643378
10242 2968 57530819
10242 13032 57530819
10242 13044 873950643378
10248 5180 676389817275
10248 10820 676389817275
10250 1875 2467339894295
10250 2000 5405188044031
10250 2500 110602405453
10250 2750 2272056381096
10250 3000 755686269680
10250 3250 564232898708
10250 3500 3090681364741
10250 4250 255853550668
10250 4500 553589073947
10250 5000 1491676517251
10250 5750 1899272909488
10250 6000 3036449369659
10250 6250 80109875918
10250 6500 1836280574381
10250 6750 1722522358224
10250 7000 2164888055560
10250 7750 2537005900536
10250 8250 2537005900536
10250 9000 2164888055560
10250 9250 1722522358224
10250 9500 1836280574381
10250 9750 80109875918
10250 10000 3036449369659
10250 10250 1899272909488
10250 11000 1491676517251
10250 11500 553589073947
10250 11750 255853550668
10250 12500 3090681364741
10250 12750 564232898708
10250 13000 755686269680
10250 13250 2272056381096
10250 13500 110602405453
10250 14000 5405188044031
10250 14125 2467339894295
10252 1930 598262967582
10252 5218 40444164460
10252 10782 40444164460
10252 14070 598262967582
10258 5312 753653704712
10258 10688 753653704712
10260 2990 234150425815
10260 13010 234150425815
10262 1934 1034806808140
10262 3144 563974600556
10262 5300 56667854900
10262 10700 56667854900
10262 12856 563974600556
10262 14066 1034806808140
10264 2000 1385342077055
10264 3558 118398421706
10264 4000 1525314555188
10264 5282 763606536078
10264 6000 925009243602
10264 8000 1325372919483
10264 10000 925009243602
10264 10718 763606536078
10264 12000 1525314555188
10264 12442 118398421706
10264 14000 1385342077055
10270 5016 57530819
10270 7016 2274864742332
10270 8984 2274864742332
10270 10984 57530819
10274 4992 385629067380
10274 11008 385629067380
10280 1950 57530819
10280 3018 404671767859
10280 12982 404671767859
10280 14050 57530819
10288 2000 1449258814914
10288 4000 1472386203407
10288 5000 518122539287
10288 5282 778507017722
10288 6000 565182747719
10288 8000 3664172668650
10288 10000 565182747719
10288 10718 778507017722
10288 11000 518122539287
10288 12000 1472386203407
10288 14000 1449258814914
10290 3024 809401066533
10290 12976 809401066533
10292 3340 472443070466
10292 5324 747152722372
10292 10676 747152722372
10292 12660 472443070466
10294 5364 57530819
10294 10636 57530819
10296 3400 327235287971
10296 5080 200494897784
10296 10920 200494897784
10296 12600 327235287971
10300 1952 114141141233
10300 3054 172707513097
10300 5992 187205279020
10300 7992 408022816529
10300 8008 408022816529
10300 10008 187205279020
10300 12946 172707513097
10300 14048 114141141233
10302 3036 1294270793501
10302 5274 923657269398
10302 7274 3143179024864
10302 8726 3143179024864
10302 10726 923657269398
10302 12964 1294270793501
10308 3460 180991950769
10308 5054 473478625173
10308 7054 347408107182
10308 8946 347408107182
10308 10946 473478625173
10308 12540 180991950769
10312 2000 1866472300909
10312 4000 1348982600613
10312 6000 824560436853
10312 8000 1559331591493
10312 10000 824560436853
10312 12000 1348982600613
10312 14000 1866472300909
10314 3492 364055010949
10314 12508 364055010949
10318 5346 766368015303
10318 10654 766368015303
10320 3084 803590454002
10320 5286 1437177343309
10320 10714 1437177343309
10320 12916 803590454002
10324 3500 243527949013
10324 5042 617363198876
10324 7042 2171716809670
10324 8958 2171716809670
10324 10958 617363198876
10324 12500 243527949013
10336 2000 1598436223793
10336 3100 517834885199
10336 4000 1603786589788
10336 6000 993240792747
10336 8000 2414856052434
10336 10000 993240792747
10336 12000 1603786589788
10336 12900 517834885199
10336 14000 1598436223793
10342 5112 637096269157
10342 10888 637096269157
10344 1920 1025774469845
10344 5092 992176472628
10344 10908 992176472628
10344 14080 1025774469845
10350 3116 1379876649427
10350 12884 1379876649427
10360 2000 2499138697145
10360 3138 1306985104092
10360 4000 2041711169957
10360 6000 1179439282462
10360 10000 1179439282462
10360 12000 2041711169957
10360 12862 1306985104092
10360 14000 2499138697145
10366 3626 57530819
10366 12374 57530819
10374 3156 646934038890
10374 12844 646934038890
10375 6750 881889896717
10375 7000 3562100513198
10375 9000 3562100513198
10375 9250 881889896717
10382 3174 573294592935
10382 12826 573294592935
10384 2000 1338109276172
10384 4000 1802555563050
10384 6000 790818612592
10384 10000 790818612592
10384 12000 1802555563050
10384 14000 1338109276172
10390 3184 527730185750
10390 12816 527730185750
10396 5198 57530819
10396 10802 57530819
10408 2000 3855945488889
10408 4000 2523761886885
10408 5194 223277101374
10408 6000 1364285797978
10408 10000 1364285797978
10408 10806 223277101374
10408 12000 2523761886885
10408 14000 3855945488889
10412 1888 535266722798
10412 14112 535266722798
10418 3214 57530819
10418 12786 57530819
10424 3774 57530819
10424 12226 57530819
10426 1908 289264948649
10426 5180 597054820419
10426 10820 597054820419
10426 14092 289264948649
10428 3764 1070475914773
10428 12236 1070475914773
10430 3206 1378323317361
10430 3782 440801121032
10430 12218 440801121032
10430 12794 1378323317361
10432 2000 1303360662610
10432 4000 2340008456896
10432 6000 926246156172
10432 8000 5985152787432
10432 10000 926246156172
10432 12000 2340008456896
10432 14000 1303360662610
10438 1846 753826297164
10438 3244 144459881875
10438 12756 144459881875
10438 14154 753826297164
10440 3218 7103560117194
10440 3812 341272807354
10440 3838 57530819
10440 12162 57530819
10440 12188 341272807354
10440 12782 7103560117194
10442 5162 857611891309
10442 10838 857611891309
10448 3834 419457187866
10448 12166 419457187866
10452 3972 437751987722
10452 12028 437751987722
10456 2000 3246291419513
10456 4000 2391786192336
10456 5162 1170061759269
10456 6000 1421011183692
10456 10000 1421011183692
10456 10838 1170061759269
10456 12000 2391786192336
10456 14000 3246291419513
10464 3838 769762333515
10464 3866 552813622030
10464 3980 47060208432
10464 12020 47060208432
10464 12134 552813622030
10464 12162 769762333515
10466 1460 90093259666
10466 14540 90093259666
10472 1450 424174714874
10472 1790 346450580898
10472 3288 311989621424
10472 12712 311989621424
10472 14210 346450580898
10472 14550 424174714874
10474 3882 202796130469
10474 12118 202796130469
10478 3786 299102718382
10478 12214 299102718382
10480 1860 678230803421
10480 2000 3090843151564
10480 3960 594005687109
10480 4000 2403349886582
10480 6000 1216460363303
10480 8000 3125282856603
10480 10000 1216460363303
10480 12000 2403349886582
10480 12040 594005687109
10480 14000 3090843151564
10480 14140 678230803421
10486 3306 57530819
10486 12694 57530819
10494 1808 294730376281
10494 1896 467207766104
10494 14104 467207766104
10494 14192 294730376281
10496 1866 92509553984
10496 14134 92509553984
10498 1764 945461449099
10498 14236 945461449099
10500 2000 402819591901
10500 3000 1627322369562
10500 3250 1127267711446
10500 3964 545909923969
10500 4500 802382306839
10500 4750 821343071648
10500 5000 3806697094998
10500 5250 1847214218687
10500 5500 8107369899038
10500 6000 13289870954087
10500 6125 2457086974135
10500 6500 238002533266
10500 6625 3844868944944
10500 6750 11730540798500
10500 7000 2668400735882
10500 7250 2000673470835
10500 7500 1001370268761
10500 8000 4614896923774
10500 8500 1001370268761
10500 8750 2000673470835
10500 9000 2668400735882
10500 9250 11730540798500
10500 9375 3844868944944
10500 9500 238002533266
10500 9875 2457086974135
10500 10000 13289870954087
10500 10500 8107369899038
10500 10750 1847214218687
10500 11000 3806697094998
10500 11250 821343071648
10500 11500 802382306839
10500 12036 545909923969
10500 12750 1127267711446
10500 13000 1627322369562
10500 14000 402819591901
10504 1902 448912966252
10504 2000 1599701901766
10504 3936 1276263647733
10504 4000 2938731671013
10504 6000 1458636338108
10504 10000 1458636338108
10504 12000 2938731671013
10504 12064 1276263647733
10504 14000 1599701901766
10504 14098 448912966252
10506 1814 117075212910
10506 14186 117075212910
10508 1794 80370551565
10508 3940 346450580898
10508 12060 346450580898
10508 14206 80370551565
10510 5170 1459902016085
10510 10830 1459902016085
10514 1828 335922441360
10514 1864 438384826709
10514 14136 438384826709
10514 14172 335922441360
10516 3970 173628006172
10516 5964 267173114864
10516 10036 267173114864
10516 12030 173628006172
10518 3942 555977816972
10518 3950 960534523194
10518 12050 960534523194
10518 12058 555977816972
10520 3300 1592337957174
10520 5114 1125935622509
10520 5962 65872785642
10520 10038 65872785642
10520 10886 1125935622509
10520 12700 1592337957174
10522 1746 1026522370469
10522 1808 2416294323
10522 5934 117132743728
10522 7934 124987030929
10522 8066 124987030929
10522 10066 117132743728
10522 14192 2416294323
10522 14254 1026522370469
10524 1402 536359808324
10524 3344 2238639157073
10524 3978 907893825498
10524 12022 907893825498
10524 12656 2238639157073
10524 14598 536359808324
10526 5972 339086636306
10526 10028 339086636306
10528 2000 3092338952812
10528 4000 2227880894264
10528 6000 913704438032
10528 8000 9138492330032
10528 10000 913704438032
10528 12000 2227880894264
10528 14000 3092338952812
10536 4046 253538311197
10536 11954 253538311197
10540 3956 872397311316
10540 3990 935796271817
10540 4036 386894745357
10540 4104 388563139056
10540 11896 388563139056
10540 11964 386894745357
10540 12010 935796271817
10540 12044 872397311316
10546 1862 81693760361
10546 14138 81693760361
10548 4088 575365702355
10548 11912 575365702355
10552 2000 2449432071125
10552 4000 3707170795728
10552 6000 1888506603879
10552 10000 1888506603879
10552 12000 3707170795728
10552 14000 2449432071125
10554 1404 1663733701258
10554 3962 113795956331
10554 3978 464849002604
10554 12022 464849002604
10554 12038 113795956331
10554 14596 1663733701258
10556 1806 406052507470
10556 14194 406052507470
10558 5070 1439018329460
10558 10930 1439018329460
10560 1660 531527219683
10560 1756 766252953667
10560 1944 587677297225
10560 4100 159245301882
10560 5964 175238869053
10560 10036 175238869053
10560 11900 159245301882
10560 14056 587677297225
10560 14244 766252953667
10560 14340 531527219683
10562 5090 642043919435
10562 10910 642043919435
10564 3220 2199863386312
10564 5952 236336596868
10564 10048 236336596868
10564 12780 2199863386312
10566 4114 847256344218
10566 11886 847256344218
10568 1622 87216718808
10568 4054 195547247506
10568 11946 195547247506
10568 14378 87216718808
10570 1830 741974948829
10570 1860 221608707675
10570 14140 221608707675
10570 14170 741974948829
10572 1590 497584037560
10572 3396 1057589011731
10572 12604 1057589011731
10572 14410 497584037560
10574 4062 703084116435
10574 11938 703084116435
10576 2000 2251238406031
10576 4000 4063976923716
10576 6000 1176505210790
10576 10000 1176505210790
10576 12000 4063976923716
10576 14000 2251238406031
10580 5880 308767895664
10580 10120 308767895664
10582 4070 190887251316
10582 4080 605109134820
10582 4142 549074118916
10582 5924 30721456363
10582 7924 3010592473106
10582 8076 3010592473106
10582 10076 30721456363
10582 11858 549074118916
10582 11920 605109134820
10582 11930 190887251316
10586 1620 415487561482
10586 14380 415487561482
10588 3296 3199921580890
10588 12704 3199921580890
10594 3914 798412680459
10594 12086 798412680459
10596 1488 495455397326
10596 14512 495455397326
10598 1890 57530819
10598 3922 1157347448677
10598 5042 11160978530
10598 5940 1283109814975
10598 7940 2107040183387
10598 8060 2107040183387
10598 10060 1283109814975
10598 10958 11160978530
10598 12078 1157347448677
10598 14110 57530819
10600 1838 540559557975
10600 1964 545737331518
10600 2000 2890405784603
10600 3902 1044471985422
10600 4000 918019249319
10600 4106 169715910606
10600 5894 5005181097
10600 6000 1485330637268
10600 8000 754941962450
10600 10000 1485330637268
10600 10106 5005181097
10600 11894 169715910606
10600 12000 918019249319
10600 12098 1044471985422
10600 14000 2890405784603
10600 14036 545737331518
10600 14162 540559557975
10602 1788 540041780621
10602 5080 792659598742
10602 10920 792659598742
10602 14212 540041780621
10604 1946 452019630375
10604 5088 892130381601
10604 10912 892130381601
10604 14054 452019630375
10606 5906 420377680941
10606 10094 420377680941
10608 4114 38315524226
10608 11886 38315524226
10610 4134 184961577149
10610 5842 734265819330
10610 10158 734265819330
10610 11866 184961577149
10614 5824 183638368357
10614 7824 1798824569305
10614 8176 1798824569305
10614 10176 183638368357
10620 1480 99298190408
10620 5076 1942355448735
10620 10924 1942355448735
10620 14520 99298190408
10622 1720 717581882354
10622 4980 1214878265829
10622 5924 756472714752
10622 10076 756472714752
10622 11020 1214878265829
10622 14280 717581882354
10624 1464 57530819
10624 2000 2672363987592
10624 4000 3508229230014
10624 6000 1292516103576
10624 10000 1292516103576
10624 12000 3508229230014
10624 14000 2672363987592
10624 14536 57530819
10625 6125 2024283894126
10625 9875 2024283894126
10626 1928 427051255732
10626 1958 703084116435
10626 5038 402773250895
10626 7038 8740282951895
10626 8962 8740282951895
10626 10962 402773250895
10626 14042 703084116435
10626 14072 427051255732
10628 5858 515648714146
10628 7858 1617228589014
10628 8142 1617228589014
10628 10142 515648714146
10630 1830 324071093029
10630 14170 324071093029
10632 1592 724543111234
10632 4898 1167530403313
10632 11102 1167530403313
10632 14408 724543111234
10634 1692 497584037560
10634 1998 640375525736
10634 3456 1599816963403
10634 12544 1599816963403
10634 14002 640375525736
10634 14308 497584037560
10636 3300 3335119001200
10636 5706 57530819
10636 7706 926583977891
10636 8294 926583977891
10636 10294 57530819
10636 12700 3335119001200
10638 5000 413473982885
10638 11000 413473982885
10640 3464 56667854900
10640 4162 152514196277
10640 5838 392072518901
10640 10162 392072518901
10640 11838 152514196277
10640 12536 56667854900
10642 3460 388275484972
10642 12540 388275484972
10646 1968 638937255307
10646 14032 638937255307
10648 1772 512426988385
10648 2000 3086413278644
10648 4000 3774884567519
10648 5288 414912253314
10648 6000 1864487487718
10648 8000 5628156723367
10648 10000 1864487487718
10648 10712 414912253314
10648 12000 3774884567519
10648 14000 3086413278644
10648 14228 512426988385
10650 1854 155735922038
10650 14146 155735922038
10652 1924 401967819453
10652 14076 401967819453
10654 5682 766368015303
10654 5876 110056453216
10654 7682 5097176282061
10654 8318 5097176282061
10654 10124 110056453216
10654 10318 766368015303
10656 1944 47060208432
10656 14056 47060208432
10658 3300 363249579511
10658 12700 363249579511
10660 5800 57530819
10660 7800 2270994343659
10660 8200 2270994343659
10660 10200 57530819
10664 1578 337130588523
10664 5872 516339083955
10664 10128 516339083955
10664 14422 337130588523
10668 5792 325681955909
10668 7792 1984409650978
10668 8208 1984409650978
10668 10208 325681955909
10672 2000 2591935905213
10672 4000 2500749560025
10672 5892 320734305631
10672 6000 946123053497
10672 8000 2270370419564
10672 10000 946123053497
10672 10108 320734305631
10672 12000 2500749560025
10672 14000 2591935905213
10674 3496 328385904312
10674 12504 328385904312
10676 5708 747152722372
10676 10292 747152722372
10680 4908 1660857160404
10680 11092 1660857160404
10682 4222 300598519629
10682 5024 1276033524463
10682 7024 4425829092841
10682 8976 4425829092841
10682 10976 1276033524463
10682 11778 300598519629
10684 1834 592509885866
10684 4888 57530819
10684 11112 57530819
10684 14166 592509885866
10686 3344 2261421360667
10686 4950 658785387225
10686 11050 658785387225
10686 12656 2261421360667
10688 5742 753653704712
10688 10258 753653704712
10690 3220 436658902196
10690 12780 436658902196
10692 1550 57530819
10692 3420 2387413850231
10692 12580 2387413850231
10692 14450 57530819
10696 2000 3046486891539
10696 4000 2701934827610
10696 6000 1574934884982
10696 10000 1574934884982
10696 12000 2701934827610
10696 14000 3046486891539
10698 1960 648544901770
10698 14040 648544901770
10700 4930 752042841832
10700 5738 56667854900
10700 10262 56667854900
10700 11070 752042841832
10702 4260 1056898641925
10702 11740 1056898641925
10704 5268 1988149979189
10704 7268 4415205890176
10704 8732 4415205890176
10704 10732 1988149979189
10708 1898 280750387712
10708 3500 2403292355768
10708 12500 2403292355768
10708 14102 280750387712
10710 1788 605281727271
10710 3528 350880453822
10710 12472 350880453822
10710 14212 605281727271
10712 1542 10470608725
10712 4280 398400908789
10712 5352 414912253314
10712 7352 5334160596811
10712 8648 5334160596811
10712 10648 414912253314
10712 11720 398400908789
10712 14458 10470608725
10714 1944 588597790300
10714 5680 1437177343309
10714 7680 1699379383783
10714 8320 1699379383783
10714 10320 1437177343309
10714 14056 588597790300
10718 1922 176562077845
10718 5712 778507017722
10718 5736 763606536078
10718 7712 940123547496
10718 8288 940123547496
10718 10264 763606536078
10718 10288 778507017722
10718 14078 176562077845
10720 1862 57530819
10720 2000 3527904769481
10720 4000 4411750713406
10720 6000 2076459783518
10720 8000 4316379127433
10720 10000 2076459783518
10720 12000 4411750713406
10720 14000 3527904769481
10720 14138 57530819
10726 3184 62651059882
10726 5698 923657269398
10726 10302 923657269398
10726 12816 62651059882
10730 4302 311299251619
10730 11698 311299251619
10732 1552 1025716939031
10732 1712 89000174139
10732 1778 270912617978
10732 5296 1988149979189
10732 7296 7968771762082
10732 8704 7968771762082
10732 10704 1988149979189
10732 14222 270912617978
10732 14288 89000174139
10732 14448 1025716939031
10738 4882 1850248610473
10738 11118 1850248610473
10744 1858 892418035685
10744 2000 3941896529715
10744 4000 3941896529715
10744 6000 1503021363544
10744 8000 2746859401850
10744 10000 1503021363544
10744 12000 3941896529715
10744 14000 3941896529715
10744 14142 892418035685
10746 1786 549994611987
10746 14214 549994611987
10748 3516 1289553266497
10748 3520 1153147699023
10748 4324 689967090123
10748 11676 689967090123
10748 12480 1153147699023
10748 12484 1289553266497
10750 4340 276780761327
10750 5500 1847214218687
10750 6000 25478113980463
10750 6250 3030371211749
10750 6500 2350839844777
10750 6625 1347051425662
10750 6750 14336528215077
10750 7000 13610341346142
10750 7250 9828019079878
10750 7500 7089752299671
10750 8000 22061043684079
10750 8500 7089752299671
10750 8750 9828019079878
10750 9000 13610341346142
10750 9250 14336528215077
10750 9375 1347051425662
10750 9500 2350839844777
10750 9750 3030371211749
10750 10000 25478113980463
10750 10500 1847214218687
10750 11660 276780761327
10760 1500 43378236136
10760 14500 43378236136
10762 3496 57530819
10762 12504 57530819
10766 1806 630019978649
10766 14194 630019978649
10768 2000 3552873144124
10768 4000 3302556558691
10768 6000 1627719409723
10768 10000 1627719409723
10768 12000 3302556558691
10768 14000 3552873144124
10770 3580 919342458111
10770 12420 919342458111
10778 4366 1166379786969
10778 11634 1166379786969
10780 3340 912381229236
10780 5778 342596016151
10780 10222 342596016151
10780 12660 912381229236
10782 1790 210102544247
10782 5748 40444164460
10782 10252 40444164460
10782 14210 210102544247
10784 3480 272293357589
10784 12520 272293357589
10786 1572 508745016089
10786 14428 508745016089
10790 4388 842078570674
10790 11612 842078570674
10792 2000 2917042552945
10792 4000 2905133673796
10792 6000 1863365636781
10792 10000 1863365636781
10792 12000 2905133673796
10792 14000 2917042552945
10796 4736 641698734532
10796 11264 641698734532
10798 1850 409734479770
10798 3598 1433207716925
10798 12402 1433207716925
10798 14150 409734479770
10800 3432 99298190408
10800 12568 99298190408
10802 4710 258140776569
10802 5604 57530819
10802 10396 57530819
10802 11290 258140776569
10806 5592 223277101374
10806 10408 223277101374
10808 4218 420320150123
10808 11782 420320150123
10810 1960 267460768948
10810 3594 561443244600
10810 4236 57530819
10810 11764 57530819
10810 12406 561443244600
10810 14040 267460768948
10812 1756 701588315188
10812 4416 592452355047
10812 4682 614314065567
10812 4926 836325488962
10812 11074 836325488962
10812 11318 614314065567
10812 11584 592452355047
10812 14244 701588315188
10816 2000 2873721847628
10816 4000 3135947312213
10816 6000 1596537706824
10816 8000 6110979376599
10816 10000 1596537706824
10816 12000 3135947312213
10816 14000 2873721847628
10820 1508 57530819
10820 5574 597054820419
10820 5752 676389817275
10820 10248 676389817275
10820 10426 597054820419
10820 14492 57530819
10826 3560 762398388919
10826 12440 762398388919
10830 5490 1459902016085
10830 10510 1459902016085
10832 4712 467207766104
10832 11288 467207766104
10836 1942 57530819
10836 14058 57530819
10838 5544 1170061759269
10838 5558 857611891309
10838 10442 857611891309
10838 10456 1170061759269
10840 2000 3639744678024
10840 3610 1983547513814
10840 4000 2158613790415
10840 6000 1547866635512
10840 10000 1547866635512
10840 12000 2158613790415
10840 12390 1983547513814
10840 14000 3639744678024
10848 1998 40386633645
10848 14002 40386633645
10850 3636 46945146800
10850 4468 167414677917
10850 4738 217984266198
10850 11262 217984266198
10850 11532 167414677917
10850 12364 46945146800
10852 1814 57530819
10852 14186 57530819
10856 5802 299390372470
10856 10198 299390372470
10858 3640 539293879997
10858 12360 539293879997
10860 3560 3079394518951
10860 4478 11276040163
10860 11522 11276040163
10860 12440 3079394518951
10864 2000 3918308894682
10864 4000 4790303490277
10864 6000 1712634895840
10864 10000 1712634895840
10864 12000 4790303490277
10864 14000 3918308894682
10866 4486 57530819
10866 4700 596306919799
10866 11300 596306919799
10866 11514 57530819
10868 1918 847601529125
10868 3650 57530819
10868 4210 501553663944
10868 11790 501553663944
10868 12350 57530819
10868 14082 847601529125
10876 1728 374755742939
10876 14272 374755742939
10880 4696 57530819
10880 11304 57530819
10884 1668 64894761753
10884 5778 193591199723
10884 10222 193591199723
10884 14332 64894761753
10886 1940 995513260026
10886 4742 928202203955
10886 5480 1125935622509
10886 10520 1125935622509
10886 11258 928202203955
10886 14060 995513260026
10888 1828 167989986089
10888 2000 4367969761553
10888 3792 175871708040
10888 5658 637096269157
10888 6000 1206219877848
10888 10000 1206219877848
10888 10342 637096269157
10888 12208 175871708040
10888 14000 4367969761553
10888 14172 167989986089
10894 1640 495282804874
10894 4502 1581982410087
10894 11498 1581982410087
10894 14360 495282804874
10898 1760 1257451070523
10898 14240 1257451070523
10900 2180 317339987419
10900 3666 2192441910897
10900 4706 825049448800
10900 5100 3587219041964
10900 10900 3587219041964
10900 11294 825049448800
10900 12334 2192441910897
10900 13820 317339987419
10902 1930 696640664914
10902 14070 696640664914
10904 1856 56207608360
10904 4546 57530819
10904 11454 57530819
10904 14144 56207608360
10906 1662 569382497369
10906 14338 569382497369
10908 4540 513750197181
10908 5656 992176472628
10908 10344 992176472628
10908 11460 513750197181
10910 4742 794385523256
10910 5438 642043919435
10910 10562 642043919435
10910 11258 794385523256
10912 2000 2577783324192
10912 4000 4267693547256
10912 5396 892130381601
10912 6000 2140434052192
10912 8000 901863579161
10912 10000 2140434052192
10912 10604 892130381601
10912 12000 4267693547256
10912 14000 2577783324192
10920 1782 1047060872192
10920 2220 346795765805
10920 3652 2533024348446
10920 5398 792659598742
10920 5704 200494897784
10920 10296 200494897784
10920 10602 792659598742
10920 12348 2533024348446
10920 13780 346795765805
10920 14218 1047060872192
10924 4162 671672290267
10924 5380 1942355448735
10924 10620 1942355448735
10924 11838 671672290267
10926 1668 74272284947
10926 3686 237429682394
10926 12314 237429682394
10926 14332 74272284947
10930 5442 1439018329460
10930 10558 1439018329460
10934 1948 548096095022
10934 14052 548096095022
10936 2000 2751066145458
10936 3766 795133423879
10936 4000 3345647140739
10936 4292 615177027823
10936 4558 1725982045418
10936 6000 1405707986327
10936 8000 8548141174639
10936 10000 1405707986327
10936 11442 1725982045418
10936 11708 615177027823
10936 12000 3345647140739
10936 12234 795133423879
10936 14000 2751066145458
10940 1724 328616027582
10940 14276 328616027582
10944 1964 584340509827
10944 14036 584340509827
10946 5692 473478625173
10946 10308 473478625173
10950 1632 1121333157138
10950 3938 699689798219
10950 12062 699689798219
10950 14368 1121333157138
10954 4586 687493264986
10954 11414 687493264986
10956 1804 26061460174
10956 1936 152801850361
10956 4596 787309232748
10956 11404 787309232748
10956 14064 152801850361
10956 14196 26061460174
10958 1708 47060208432
10958 1852 729835946410
10958 5402 11160978530
10958 5676 617363198876
10958 7402 1516969519708
10958 8598 1516969519708
10958 10324 617363198876
10958 10598 11160978530
10958 14148 729835946410
10958 14292 47060208432
10960 2000 2804339682141
10960 3756 164710729514
10960 4000 3069096502682
10960 4822 57530819
10960 5040 1078185044272
10960 6000 952250085523
10960 10000 952250085523
10960 10960 1078185044272
10960 11178 57530819
10960 12000 3069096502682
10960 12244 164710729514
10960 14000 2804339682141
10962 5374 402773250895
10962 7374 1100999658086
10962 8626 1100999658086
10962 10626 402773250895
10968 1794 956622427628
10968 14206 956622427628
10970 4188 57530819
10970 11812 57530819
10972 4542 57530819
10972 11458 57530819
10976 1738 534806476259
10976 2206 55172053652
10976 5318 1276033524463
10976 10682 1276033524463
10976 13794 55172053652
10976 14262 534806476259
10980 1640 525198829795
10980 1860 423369283432
10980 3660 4907033518280
10980 5000 2775631804384
10980 11000 2775631804384
10980 12340 4907033518280
10980 14140 423369283432
10980 14360 525198829795
10982 1700 470717145952
10982 14300 470717145952
10984 2000 3463757908352
10984 4000 4863942936232
10984 5730 57530819
10984 6000 1946727790836
10984 8000 4741352277469
10984 10000 1946727790836
10984 10270 57530819
10984 12000 4863942936232
10984 14000 3463757908352
10986 1618 89057704958
10986 3828 1333736934066
10986 12172 1333736934066
10986 14382 89057704958
10990 1620 77781664795
10990 2196 348981936853
10990 4566 57530819
10990 11434 57530819
10990 13804 348981936853
10990 14380 77781664795
10992 1942 604476295833
10992 2164 538373386922
10992 13836 538373386922
10992 14058 604476295833
10994 3722 1244334044211
10994 3728 601369631706
10994 3732 57530819
10994 12268 57530819
10994 12272 601369631706
10994 12278 1244334044211
10996 1766 445403586403
10996 5834 792947252827
10996 5844 282303719773
10996 10156 282303719773
10996 10166 792947252827
10996 14234 445403586403
10998 1666 1013290282524
10998 4280 57530819
10998 4820 881889896147
10998 11180 881889896147
10998 11720 57530819
10998 14334 1013290282524
11000 3708 6185770991145
11000 3880 550569920159
11000 4638 141870995101
11000 5020 2775631804384
11000 5362 413473982885
11000 5500 3806697094998
11000 5712 518122539287
11000 5750 1491676517251
11000 6000 14222757912487
11000 6250 4692380922527
11000 6500 7893889711000
11000 6625 11771005581272
11000 6750 4218229566990
11000 7000 5129019804645
11000 7250 605389337080
11000 7500 270682494976
11000 8000 4661981890505
11000 8500 270682494976
11000 8750 605389337080
11000 9000 5129019804645
11000 9250 4218229566990
11000 9375 11771005581272
11000 9500 7893889711000
11000 9750 4692380922527
11000 10000 14222757912487
11000 10250 1491676517251
11000 10288 518122539287
11000 10500 3806697094998
11000 10638 413473982885
11000 10980 2775631804384
11000 11362 141870995101
11000 12120 550569920159
11000 12292 6185770991145
11002 1794 12081471605
11002 14206 12081471605
11006 3722 798700334543
11006 12278 798700334543
11008 2000 4773101775947
11008 4000 2698540509398
11008 4630 1145898816064
11008 5726 385629067380
11008 6000 2124066534712
11008 8000 10852662671729
11008 10000 2124066534712
11008 10274 385629067380
11008 11370 1145898816064
11008 12000 2698540509398
11008 14000 4773101775947
11012 4600 786216147221
11012 11400 786216147221
11014 3770 492003548299
11014 12230 492003548299
11016 1840 534461291356
11016 14160 534461291356
11018 1806 651881689168
11018 3740 960419461561
11018 3888 57530819
11018 12112 57530819
11018 12260 960419461561
11018 14194 651881689168
11020 1724 187492933104
11020 3660 9527333443866
11020 3782 699172020866
11020 5378 1214878265829
11020 10622 1214878265829
11020 12218 699172020866
11020 12340 9527333443866
11020 14276 187492933104
11024 1918 934127878122
11024 14082 934127878122
11032 2000 3440745581492
11032 4000 2493040430526
11032 6000 1559056379449
11032 10000 1559056379449
11032 12000 2493040430526
11032 14000 3440745581492
11034 1942 102404854536
11034 3860 57530819
11034 4600 482741086734
11034 11400 482741086734
11034 12140 57530819
11034 14058 102404854536
11038 2180 307387156053
11038 13820 307387156053
11050 5314 658785387225
11050 7314 2817065685267
11050 8686 2817065685267
11050 10686 658785387225
11052 2202 401104857196
11052 13798 401104857196
11054 1804 891670135062
11054 14196 891670135062
11056 1720 912956537408
11056 2000 2858648773536
11056 4000 2328617355101
11056 6000 1249195398263
11056 10000 1249195398263
11056 12000 2328617355101
11056 14000 2858648773536
11056 14280 912956537408
11058 1760 146588522110
11058 3764 57530819
11058 12236 57530819
11058 14240 146588522110
11060 1660 152801850361
11060 1756 880163971630
11060 2174 469336406338
11060 4250 567311387953
11060 11750 567311387953
11060 13826 469336406338
11060 14244 880163971630
11060 14340 152801850361
11062 4140 11391101800
11062 11860 11391101800
11064 1960 597342474507
11064 14040 597342474507
11070 4558 857899545393
11070 5300 752042841832
11070 10700 752042841832
11070 11442 857899545393
11072 5860 334714294200
11072 10140 334714294200
11074 5188 836325488962
11074 10812 836325488962
11080 1678 78241911331
11080 2000 3275344482177
11080 3852 463065547268
11080 4000 4908471788709
11080 6000 2238639157073
11080 8000 3084446356458
11080 10000 2238639157073
11080 12000 4908471788709
11080 12148 463065547268
11080 14000 3275344482177
11080 14322 78241911331
11082 4122 74732531486
11082 11878 74732531486
11084 1938 1048556673439
11084 14062 1048556673439
11086 1766 477160597474
11086 14234 477160597474
11088 1918 852721771850
11088 14082 852721771850
11092 3888 545679800704
11092 5320 1660857160404
11092 5774 888103224398
11092 7774 199062391869
11092 8226 199062391869
11092 10226 888103224398
11092 10680 1660857160404
11092 12112 545679800704
11094 1856 467898135909
11094 14144 467898135909
11096 2208 57530819
11096 13792 57530819
11100 1722 949718729572
11100 3782 1670579868500
11100 4690 1278564880419
11100 4726 577724465855
11100 4740 1187033350329
11100 11260 1187033350329
11100 11274 577724465855
11100 11310 1278564880419
11100 12218 1670579868500
11100 14278 949718729572
11102 1662 1194915072279
11102 5368 1167530403313
11102 7368 6133300558108
11102 8632 6133300558108
11102 10632 1167530403313
11102 14338 1194915072279
11104 2000 4679499136438
11104 4000 3683755753146
11104 6000 1530060847603
11104 10000 1530060847603
11104 12000 3683755753146
11104 14000 4679499136438
11106 1800 87159187989
11106 5876 90208321298
11106 10124 90208321298
11106 14200 87159187989
11108 5786 154009997520
11108 10214 154009997520
11110 1824 213381800822
11110 14176 213381800822
11112 3792 616500236619
11112 5316 57530819
11112 10684 57530819
11112 12208 616500236619
11114 4760 178978372167
11114 11240 178978372167
11116 4742 446439141111
11116 11258 446439141111
11118 5262 1850248610473
11118 7262 2911890251420
11118 8738 2911890251420
11118 10738 1850248610473
11125 6000 8133372448972
11125 8000 8536877188933
11125 10000 8133372448972
11128 2000 3189393441348
11128 4000 2337822285847
11128 6000 1606289180332
11128 10000 1606289180332
11128 12000 2337822285847
11128 14000 3189393441348
11130 3922 150040371140
11130 3940 403808805603
11130 12060 403808805603
11130 12078 150040371140
11132 1906 552065721407
11132 14094 552065721407
11136 1964 57530819
11136 14036 57530819
11140 1660 659015510494
11140 1860 508169707917
11140 3560 73581915141
11140 3624 351570823627
11140 4758 284489890826
11140 11242 284489890826
11140 12376 351570823627
11140 12440 73581915141
11140 14140 508169707917
11140 14340 659015510494
11150 1632 57530819
11150 14368 57530819
11152 1686 1141699066410
11152 1758 241341777960
11152 1978 154700367330
11152 1998 773616898263
11152 2000 2714994323104
11152 4000 3706020179387
11152 4444 681452529182
11152 6000 1119319578537
11152 8000 761571233912
11152 10000 1119319578537
11152 11556 681452529182
11152 12000 3706020179387
11152 14000 2714994323104
11152 14002 773616898263
11152 14022 154700367330
11152 14242 241341777960
11152 14314 1141699066410
11154 5884 57530819
11154 10116 57530819
11160 3610 2599817627163
11160 12390 2599817627163
11166 3520 3410081655952
11166 12480 3410081655952
11176 1858 366643897722
11176 2000 3025373081643
11176 4000 3820564036341
11176 6000 2007911814881
11176 8000 1946581674422
11176 10000 2007911814881
11176 12000 3820564036341
11176 14000 3025373081643
11176 14142 366643897722
11178 5040 57530819
11178 7040 645559772037
11178 8960 645559772037
11178 10960 57530819
11180 1810 33770589673
11180 4414 201357860040
11180 5002 881889896147
11180 10998 881889896147
11180 11586 201357860040
11180 14190 33770589673
11188 1936 154527774878
11188 14064 154527774878
11190 3594 57530819
11190 12406 57530819
11192 1690 282936558764
11192 14310 282936558764
11194 1738 823438585920
11194 4796 111207069561
11194 11204 111207069561
11194 14262 823438585920
11200 2000 3103672523792
11200 4000 3058971078864
11200 4800 736624582834
11200 6000 2302009352166
11200 8000 6464551729754
11200 10000 2302009352166
11200 11200 736624582834
11200 12000 3058971078864
11200 14000 3103672523792
11204 3922 135197420314
11204 4806 111207069561
11204 11194 111207069561
11204 12078 135197420314
11208 3586 11736286702
11208 12414 11736286702
11220 4368 1191290630797
11220 5900 505465759510
11220 10100 505465759510
11220 11632 1191290630797
11224 1956 436831494647
11224 2000 2506445110923
11224 4000 2885803319232
11224 12000 2885803319232
11224 14000 2506445110923
11224 14044 436831494647
11226 4336 812450199842
11226 11664 812450199842
11230 1690 756012468216
11230 14310 756012468216
11232 3524 4097402328482
11232 12476 4097402328482
11240 4886 178978372167
11240 11114 178978372167
11242 4860 284489890826
11242 11140 284489890826
11246 1798 57530819
11246 14202 57530819
11248 2000 3640147393745
11248 4000 1671385299943
11248 5846 331492568440
11248 6000 2278565544178
11248 8000 3563014179456
11248 10000 2278565544178
11248 10154 331492568440
11248 12000 1671385299943
11248 14000 3640147393745
11250 5500 821343071648
11250 6000 9061218763289
11250 6125 559229892190
11250 6250 909491614125
11250 6500 474533896430
11250 6750 8344287653486
11250 7000 5308538889539
11250 7250 6161529740584
11250 7500 5861168352731
11250 7750 3455508679991
11250 8250 3455508679991
11250 8500 5861168352731
11250 8750 6161529740584
11250 9000 5308538889539
11250 9250 8344287653486
11250 9500 474533896430
11250 9750 909491614125
11250 9875 559229892190
11250 10000 9061218763289
11250 10500 821343071648
11254 1756 123691256882
11254 1838 1137556847574
11254 14162 1137556847574
11254 14244 123691256882
11258 1940 57530819
11258 4884 446439141111
11258 5090 794385523256
11258 5114 928202203955
11258 7090 1217331618004
11258 8910 1217331618004
11258 10886 928202203955
11258 10910 794385523256
11258 11116 446439141111
11258 14060 57530819
11260 4900 1187033350329
11260 11100 1187033350329
11262 1748 57530819
11262 4084 187550463923
11262 5150 217984266198
11262 10850 217984266198
11262 11916 187550463923
11262 14252 57530819
11264 4080 245196342712
11264 5204 641698734532
11264 7204 1586032290598
11264 8796 1586032290598
11264 10796 641698734532
11264 11920 245196342712
11272 2000 2410368646276
11272 4000 5041828222868
11272 6000 1745974004380
11272 10000 1745974004380
11272 12000 5041828222868
11272 14000 2410368646276
11274 1700 659360695397
11274 4900 577724465855
11274 11100 577724465855
11274 14300 659360695397
11276 5916 219710190711
11276 10084 219710190711
11278 1658 441491490837
11278 14342 441491490837
11282 4080 2186171053
11282 11920 2186171053
11286 1986 253998557733
11286 14014 253998557733
11288 1626 114313733685
11288 5168 467207766104
11288 10832 467207766104
11288 14374 114313733685
11290 5198 258140776569
11290 10802 258140776569
11294 5100 825049448800
11294 10900 825049448800
11296 2000 3016225681719
11296 4000 4119321569816
11296 6000 1346249886799
11296 8000 1337951189599
11296 10000 1346249886799
11296 12000 4119321569816
11296 14000 3016225681719
11298 4276 341215276540
11298 11724 341215276540
11300 5134 596306919799
11300 10866 596306919799
11304 3460 133298903346
11304 5120 57530819
11304 10880 57530819
11304 12540 133298903346
11308 3480 3341562452722
11308 12520 3341562452722
11310 4900 1278564880419
11310 11100 1278564880419
11314 1950 57530819
11314 3344 65642662373
11314 12656 65642662373
11314 14050 57530819
11316 1978 683408576969
11316 14022 683408576969
11318 4156 227131666126
11318 5188 614314065567
11318 10812 614314065567
11318 11844 227131666126
11320 1802 428144341259
11320 2000 2872456169650
11320 4000 2960650912346
11320 6000 1624382622325
11320 8000 3378655328623
11320 10000 1624382622325
11320 12000 2960650912346
11320 14000 2872456169650
11320 14198 428144341259
11324 3442 692555976893
11324 12558 692555976893
11326 1638 250028931353
11326 14362 250028931353
11332 4296 57530819
11332 11704 57530819
11334 5880 565700525073
11334 10120 565700525073
11336 3228 552756091212
11336 5918 340697499186
11336 10082 340697499186
11336 12772 552756091212
11340 1664 1538834297221
11340 3324 353239217326
11340 3458 1029686565411
11340 12542 1029686565411
11340 12676 353239217326
11340 14336 1538834297221
11344 2000 3705617463666
11344 4000 2470545881020
11344 6000 1476010644888
11344 8000 3150330019653
11344 10000 1476010644888
11344 12000 2470545881020
11344 14000 3705617463666
11350 1952 504372673988
11350 14048 504372673988
11352 1704 294327660559
11352 14296 294327660559
11360 3420 931423929716
11360 12580 931423929716
11362 1916 398458439608
11362 5000 141870995101
11362 11000 141870995101
11362 14084 398458439608
11366 1764 895754823079
11366 14236 895754823079
11368 2000 3081638220822
11368 3300 235243511342
11368 3384 439708035505
11368 3398 963813779773
11368 4000 3230988222152
11368 4162 909907404099
11368 6000 1674319371615
11368 10000 1674319371615
11368 11838 909907404099
11368 12000 3230988222152
11368 12602 963813779773
11368 12616 439708035505
11368 12700 235243511342
11368 14000 3081638220822
11370 4992 1145898816064
11370 11008 1145898816064
11374 5944 131918163735
11374 10056 131918163735
11375 7000 2637176338884
11375 9000 2637176338884
11376 1798 938787874312
11376 14202 938787874312
11378 1720 1476988668782
11378 14280 1476988668782
11380 3322 782073928386
11380 4056 361696247445
11380 4122 82556722618
11380 11878 82556722618
11380 11944 361696247445
11380 12678 782073928386
11382 1620 1800426922815
11382 1880 57530819
11382 14120 57530819
11382 14380 1800426922815
11384 1838 255264235711
11384 5916 57530819
11384 10084 57530819
11384 14162 255264235711
11386 4136 372512041071
11386 11864 372512041071
11392 2000 3095100432037
11392 4000 2232828544542
11392 6000 1507221113194
11392 8000 3937529201118
11392 10000 1507221113194
11392 12000 2232828544542
11392 14000 3095100432037
11394 4060 423829529972
11394 5906 502359095386
11394 10094 502359095386
11394 11940 423829529972
11396 3378 1428145005018
11396 5938 175411461504
11396 10062 175411461504
11396 12622 1428145005018
11400 3400 789322811345
11400 4966 482741086734
11400 4988 786216147221
11400 11012 786216147221
11400 11034 482741086734
11400 12600 789322811345
11402 1896 57530819
11402 14104 57530819
11404 5044 787309232748
11404 10956 787309232748
11406 1934 351858477711
11406 14066 351858477711
11412 3296 705327818303
11412 12704 705327818303
11414 5046 687493264986
11414 7046 1141406089597
11414 8954 1141406089597
11414 10954 687493264986
11416 2000 3117019673370
11416 4000 2794444381593
11416 6000 1130336730022
11416 8000 3416347452271
11416 10000 1130336730022
11416 12000 2794444381593
11416 14000 3117019673370
11420 1720 1180992614528
11420 14280 1180992614528
11434 1672 955471811284
11434 1888 197503295289
11434 5010 57530819
11434 5920 16683936976
11434 7010 2782559861692
11434 8990 2782559861692
11434 10080 16683936976
11434 10990 57530819
11434 14112 197503295289
11434 14328 955471811284
11440 1816 512599580841
11440 1944 125647304665
11440 1966 223507224644
11440 2000 2517491027815
11440 4000 2099587172015
11440 6000 1038690138299
11440 10000 1038690138299
11440 12000 2099587172015
11440 14000 2517491027815
11440 14034 223507224644
11440 14056 125647304665
11440 14184 512599580841
11442 4930 857899545393
11442 5064 1725982045418
11442 10936 1725982045418
11442 11070 857899545393
11448 1924 351570823627
11448 14076 351570823627
11454 3326 57530819
11454 5096 57530819
11454 10904 57530819
11454 12674 57530819
11458 5028 57530819
11458 10972 57530819
11460 5092 513750197181
11460 10908 513750197181
11464 2000 2267634688919
11464 4000 2506445110923
11464 6000 1398976880721
11464 10000 1398976880721
11464 12000 2506445110923
11464 14000 2267634688919
11470 3958 57530819
11470 12042 57530819
11472 1872 486480589853
11472 14128 486480589853
11474 1684 613336041673
11474 14316 613336041673
11480 1910 737372483458
11480 3974 874928667272
11480 12026 874928667272
11480 14090 737372483458
11488 2000 2068635592387
11488 4000 1868313287059
11488 6000 616672829071
11488 10000 616672829071
11488 12000 1868313287059
11488 14000 2068635592387
11490 1816 14555296742
11490 14184 14555296742
11496 1726 448855435433
11496 14274 448855435433
11498 1774 254746458357
11498 5106 1581982410087
11498 10894 1581982410087
11498 14226 254746458357
11500 5500 802382306839
11500 5750 553589073947
11500 6000 4889911168322
11500 6500 2080175497958
11500 6750 2857934123706
11500 7000 1762312756736
11500 7250 41602658928
11500 7500 186457927046
11500 7750 3187976971982
11500 8250 3187976971982
11500 8500 186457927046
11500 8750 41602658928
11500 9000 1762312756736
11500 9250 2857934123706
11500 9500 2080175497958
11500 10000 4889911168322
11500 10250 553589073947
11500 10500 802382306839
11512 2000 2200035978764
11512 3160 1155391400895
11512 4000 2275458880050
11512 6000 900875065808
11512 10000 900875065808
11512 12000 2275458880050
11512 12840 1155391400895
11512 14000 2200035978764
11514 5134 57530819
11514 10866 57530819
11516 3302 894374083468
11516 12698 894374083468
11522 5140 11276040163
11522 10860 11276040163
11530 1814 411517935102
11530 3214 1164883985725
11530 3240 2783225872246
11530 12760 2783225872246
11530 12786 1164883985725
11530 14186 411517935102
11532 5150 167414677917
11532 10850 167414677917
11534 1802 57530819
11534 14198 57530819
11536 2000 3150962855490
11536 4000 2136867141528
11536 6000 1207485555826
11536 8000 4850579977997
11536 10000 1207485555826
11536 12000 2136867141528
11536 14000 3150962855490
11546 1748 628639239038
11546 14252 628639239038
11556 4848 681452529182
11556 11152 681452529182
11560 1760 351858477711
11560 2000 1727650439117
11560 4000 2016685264495
11560 6000 1458578807289
11560 8000 1615068718441
11560 10000 1458578807289
11560 12000 2016685264495
11560 14000 1727650439117
11560 14240 351858477711
11570 3206 4441609207508
11570 12794 4441609207508
11580 1812 1011852012095
11580 14188 1011852012095
11584 2000 1891210552286
11584 4000 2271891969387
11584 5188 592452355047
11584 6000 983719442506
11584 10000 983719442506
11584 10812 592452355047
11584 12000 2271891969387
11584 14000 1891210552286
11586 4820 201357860040
11586 11180 201357860040
11596 1776 1084973680696
11596 14224 1084973680696
11600 5974 132493471908
11600 10026 132493471908
11606 5978 342480954518
11606 10022 342480954518
11608 2000 3060754534196
11608 4000 1736682777412
11608 6000 944454659798
11608 10000 944454659798
11608 12000 1736682777412
11608 14000 3060754534196
11610 3184 805834155869
11610 12816 805834155869
11612 5210 842078570674
11612 10790 842078570674
11618 5986 110976946291
11618 10014 110976946291
11626 4016 254516335087
11626 11984 254516335087
11632 2000 2078876077837
11632 4000 1975263076147
11632 4780 1191290630797
11632 6000 718301017571
11632 8000 6565050829713
11632 10000 718301017571
11632 11220 1191290630797
11632 12000 1975263076147
11632 14000 2078876077837
11634 5222 1166379786969
11634 10778 1166379786969
11642 3136 223219570556
11642 12864 223219570556
11656 2000 1764700285364
11656 4000 1734093890638
11656 6000 750633336810
11656 10000 750633336810
11656 12000 1734093890638
11656 14000 1764700285364
11660 5250 276780761327
11660 10750 276780761327
11664 4774 812450199842
11664 11226 812450199842
11676 5252 689967090123
11676 10748 689967090123
11678 3358 359395014759
11678 12642 359395014759
11680 2000 1498160009492
11680 4000 1602808565894
11680 6000 801404282949
11680 8000 2585756153409
11680 10000 801404282949
11680 12000 1602808565894
11680 14000 1498160009492
11698 5270 311299251619
11698 10730 311299251619
11704 2000 2006157124957
11704 3684 723392494889
11704 4000 1489357794467
11704 4668 57530819
11704 6000 810148967156
11704 8000 3110882048621
11704 10000 810148967156
11704 11332 57530819
11704 12000 1489357794467
11704 12316 723392494889
11704 14000 2006157124957
11706 3260 114371264503
11706 12740 114371264503
11708 5064 615177027823
11708 10936 615177027823
11720 5002 57530819
11720 5288 398400908789
11720 10712 398400908789
11720 10998 57530819
11724 4702 341215276540
11724 11298 341215276540
11728 2000 989817709124
11728 4000 1369521102336
11728 6000 688615115920
11728 10000 688615115920
11728 12000 1369521102336
11728 14000 989817709124
11732 3272 1016281885015
11732 12728 1016281885015
11738 3240 134967297045
11738 12760 134967297045
11740 3138 143079142265
11740 5298 1056898641925
11740 10702 1056898641925
11740 12862 143079142265
11742 1950 864342996915
11742 14050 864342996915
11750 4940 567311387953
11750 5750 255853550668
11750 6000 3627351702671
11750 6625 1727937517496
11750 9375 1727937517496
11750 10000 3627351702671
11750 10250 255853550668
11750 11060 567311387953
11752 2000 3050398987109
11752 4000 966862913083
11752 6000 735790385985
11752 10000 735790385985
11752 12000 966862913083
11752 14000 3050398987109
11754 3220 660798965826
11754 12780 660798965826
11756 2942 463640855440
11756 13058 463640855440
11762 1966 341445399806
11762 14034 341445399806
11764 5190 57530819
11764 10810 57530819
11770 3982 283626928570
11770 12018 283626928570
11772 3102 752560619186
11772 12898 752560619186
11776 2000 1900703137116
11776 4000 1342884333994
11776 6000 475348376731
11776 8000 1476010646365
11776 10000 475348376731
11776 12000 1342884333994
11776 14000 1900703137116
11778 5318 300598519629
11778 10682 300598519629
11780 1988 270682494709
11780 14012 270682494709
11782 5192 420320150123
11782 10808 420320150123
11784 3182 234150425815
11784 12818 234150425815
11786 3970 504372673988
11786 12030 504372673988
11790 5132 501553663944
11790 10868 501553663944
11798 1978 57530819
11798 14022 57530819
11800 2000 1072892209096
11800 4000 1266425878000
11800 6000 683840058097
11800 8000 989008408599
11800 10000 683840058097
11800 12000 1266425878000
11800 14000 1072892209096
11802 2868 409159171598
11802 3074 1222702456961
11802 12926 1222702456961
11802 13132 409159171598
11812 5030 57530819
11812 10970 57530819
11820 1974 774940107059
11820 14026 774940107059
11822 2832 535381784431
11822 13168 535381784431
11824 2000 2467151562808
11824 4000 1223680480855
11824 6000 304338022744
11824 10000 304338022744
11824 12000 1223680480855
11824 14000 2467151562808
11830 1998 57530819
11830 14002 57530819
11836 3996 345242433739
11836 12004 345242433739
11838 4632 909907404099
11838 5076 671672290267
11838 5360 152514196277
11838 10640 152514196277
11838 10924 671672290267
11838 11368 909907404099
11844 2806 674433769492
11844 4682 227131666126
11844 11318 227131666126
11844 13194 674433769492
11848 2000 1000863626021
11848 4000 360718223555
11848 6000 349183294716
11848 10000 349183294716
11848 12000 360718223555
11848 14000 1000863626021
11854 1976 1013923121515
11854 14024 1013923121515
11858 5418 549074118916
11858 10582 549074118916
11860 1980 38085400960
11860 4938 11391101800
11860 11062 11391101800
11860 14020 38085400960
11862 5994 444943339867
11862 10006 444943339867
11864 4614 372512041071
11864 11386 372512041071
11866 5390 184961577149
11866 10610 184961577149
11872 2000 1363480366536
11872 4000 1656139633396
11872 6000 583477547571
11872 10000 583477547571
11872 12000 1656139633396
11872 14000 1363480366536
11875 6000 368494187528
11875 6375 979504099172
11875 6625 1714882149994
11875 9375 1714882149994
11875 9625 979504099172
11875 10000 368494187528
11876 3972 209757359345
11876 12028 209757359345
11878 4620 82556722618
11878 4918 74732531486
11878 11082 74732531486
11878 11380 82556722618
11886 5392 38315524226
11886 5434 847256344218
11886 10566 847256344218
11886 10608 38315524226
11894 5400 169715910606
11894 10600 169715910606
11896 2000 1725176613980
11896 4000 634277259117
11896 5460 388563139056
11896 6000 409792010584
11896 10000 409792010584
11896 10540 388563139056
11896 12000 634277259117
11896 14000 1725176613980
11900 1984 1439593637632
11900 3998 214474886349
11900 5440 159245301882
11900 10560 159245301882
11900 12002 214474886349
11900 14016 1439593637632
11902 3978 718042128894
11902 5986 608503453032
11902 10014 608503453032
11902 12022 718042128894
11912 5452 575365702355
11912 10548 575365702355
11916 3990 470429491864
11916 4738 187550463923
11916 11262 187550463923
11916 12010 470429491864
11920 2000 1022955459806
11920 4000 1612416212358
11920 4718 2186171053
11920 4736 245196342712
11920 5418 605109134820
11920 6000 961368720044
11920 10000 961368720044
11920 10582 605109134820
11920 11264 245196342712
11920 11282 2186171053
11920 12000 1612416212358
11920 14000 1022955459806
11930 5418 190887251316
11930 10582 190887251316
11938 2608 411115219381
11938 5426 703084116435
11938 10574 703084116435
11938 13392 411115219381
11940 2640 286503469428
11940 4606 423829529972
11940 11394 423829529972
11940 13360 286503469428
11942 3988 348924406039
11942 12012 348924406039
11944 2000 871074102520
11944 4000 871074102520
11944 4620 361696247445
11944 6000 258313369020
11944 10000 258313369020
11944 11380 361696247445
11944 12000 871074102520
11944 14000 871074102520
11946 5432 195547247506
11946 10568 195547247506
11954 5464 253538311197
11954 10536 253538311197
11964 5460 386894745357
11964 10540 386894745357
11968 2000 647221692978
11968 4000 1267116247805
11968 6000 540185607665
11968 10000 540185607665
11968 12000 1267116247805
11968 14000 647221692978
11980 5994 473651217625
11980 10006 473651217625
11984 4374 254516335087
11984 11626 254516335087
11988 2202 163847767254
11988 13798 163847767254
12000 620 829766975804
12000 700 858589915199
12000 800 142043587553
12000 860 679784135487
12000 928 1627201632369
12000 1020 10329830812337
12000 1034 885801991713
12000 1060 1769360281554
12000 1078 3499139360905
12000 1108 2106778524156
12000 1164 9927345215531
12000 1200 10307048608743
12000 1212 1004775721587
12000 1240 5542806578640
12000 1264 2277702581922
12000 1300 7920210066685
12000 1340 2106778524156
12000 1364 14926485572073
12000 1406 1064952956327
12000 1414 1041883098648
12000 1438 2077322745775
12000 1460 5397771388597
12000 1482 3617537782606
12000 1500 8201478231750
12000 1528 888045693580
12000 1538 2846797425202
12000 1560 5169604167768
12000 1574 5142334560435
12000 1600 5314869481081
12000 1616 9060585924298
12000 1640 9631291630459
12000 1680 11741924719366
12000 1690 7236283712367
12000 1714 7606436989930
12000 1738 1202624201778
12000 1752 554769669813
12000 1760 9593033637052
12000 1786 5893629501643
12000 1800 1487919524038
12000 1802 2099932356918
12000 1828 7444545270464
12000 1866 4116445028958
12000 1876 2033311670653
12000 1900 12147344387845
12000 1922 18672029422839
12000 1938 4161146473885
12000 1956 1187493596864
12000 1960 18284847023398
12000 1980 15189286344826
12000 1998 56667854900
12000 2064 489011945804
12000 2088 674663892758
12000 2112 1295536471478
12000 2136 57530819
12000 2160 469336406338
12000 2184 691060175649
12000 2232 1338051745353
12000 2256 427051255732
12000 2280 585433595354
12000 2304 1275515747109
12000 2352 1213497526219
12000 2376 1866242177639
12000 2400 1719768717167
12000 2424 1808768891305
12000 2448 1224313319842
12000 2472 441031244301
12000 2496 1785353848720
12000 2520 3765219390237
12000 2544 3136177435483
12000 2568 3439077187793
12000 2592 5645614148896
12000 2616 3889255832018
12000 2640 3388335007065
12000 2664 4797437311604
12000 2688 3157924084365
12000 2712 4324879179506
12000 2736 3458522603994
12000 2760 4587622421445
12000 2784 3602522239329
12000 2808 3402717711355
12000 2832 3232311430944
12000 2856 3519390208539
12000 2880 3285412375180
12000 2904 3808885280457
12000 2928 3086413278644
12000 2952 2750318244834
12000 2976 2280521591961
12000 3000 3642908872970
12000 3024 3058108116604
12000 3048 3540964264974
12000 3072 3194226029989
12000 3096 3904674091016
12000 3120 2956508693511
12000 3144 3778969255537
12000 3168 2643195863295
12000 3192 3417618192995
12000 3216 3564091653467
12000 3240 1703660088363
12000 3264 3588254596672
12000 3288 3123290532440
12000 3312 2495226601579
12000 3336 3617882967509
12000 3360 3510242808616
12000 3384 2976586948698
12000 3408 3926248147451
12000 3432 2342137097130
12000 3456 3237086488771
12000 3480 2793466357700
12000 3504 3293869405299
12000 3528 4179268681290
12000 3552 2859339143342
12000 3576 2937581054668
12000 3600 3088829572967
12000 3624 3725523126402
12000 3648 1220401224276
12000 3672 2590670227235
12000 3696 2020712421698
12000 3720 2585377392059
12000 3744 3014672349654
12000 3768 1655736917675
12000 3792 1915776211208
12000 3816 2585147268789
12000 3840 2341791912228
12000 3864 2654932149996
12000 3888 2804972521132
12000 3912 2561041856402
12000 3936 2883904802264
12000 3960 3153781865533
12000 3984 2100047418551
12000 4000 135197420314
12000 4032 1267116247805
12000 4056 871074102520
12000 4080 1612416212358
12000 4104 634277259117
12000 4128 1656139633396
12000 4152 360718223555
12000 4176 1223680480855
12000 4200 1266425878000
12000 4224 1342884333994
12000 4248 966862913083
12000 4272 1369521102336
12000 4296 1489357794467
12000 4320 1602808565894
12000 4344 1734093890638
12000 4368 1975263076147
12000 4392 1736682777412
12000 4416 2271891969387
12000 4440 2016685264495
12000 4464 2136867141528
12000 4488 2275458880050
12000 4512 1868313287059
12000 4536 2506445110923
12000 4560 2099587172015
12000 4584 2794444381593
12000 4608 2232828544542
12000 4632 3230988222152
12000 4656 2470545881020
12000 4680 2960650912346
12000 4704 4119321569816
12000 4728 5041828222868
12000 4752 1671385299943
12000 4776 2885803319232
12000 4800 3058971078864
12000 4824 3820564036341
12000 4848 3706020179387
12000 4872 2337822285847
12000 4896 3683755753146
12000 4920 4908471788709
12000 4944 2328617355101
12000 4968 2493040430526
12000 4992 2698540509398
12000 5016 4863942936232
12000 5040 3069096502682
12000 5064 3345647140739
12000 5088 4267693547256
12000 5136 4790303490277
12000 5160 2158613790415
12000 5184 3135947312213
12000 5208 2905133673796
12000 5232 3302556558691
12000 5256 3941896529715
12000 5280 4411750713406
12000 5304 2701934827610
12000 5328 2500749560025
12000 5352 3774884567519
12000 5376 3508229230014
12000 5400 918019249319
12000 5424 4063976923716
12000 5448 3707170795728
12000 5472 2227880894264
12000 5496 2938731671013
12000 5520 2403349886582
12000 5544 2391786192336
12000 5568 2340008456896
12000 5592 2523761886885
12000 5616 1802555563050
12000 5640 2041711169957
12000 5664 1603786589788
12000 5688 1348982600613
12000 5712 1472386203407
12000 5736 1525314555188
12000 5760 1832874303692
12000 5784 1202048893605
12000 5808 936083925905
12000 5832 1428835374824
12000 5856 930158251738
12000 5880 1406053171229
12000 5904 1173456077481
12000 5928 1471580771969
12000 5952 1452365479038
12000 5976 1256875762351
12000 6000 3690842242223
12000 6125 6465423759492
12000 6250 6309289426432
12000 6375 8574941852937
12000 6500 12131713985315
12000 6625 8910539976215
12000 6750 10290655611946
12000 6875 17469265810439
12000 7000 5505704661103
12000 7016 5191044794700
12000 7064 1337415859732
12000 7088 1673003105629
12000 7136 2106046782761
12000 7160 3290037491897
12000 7184 357821350901
12000 7208 1818412884158
12000 7232 2714711876030
12000 7250 916551717564
12000 7280 2682397044432
12000 7304 4652639652899
12000 7328 2182757921249
12000 7352 62814397614
12000 7376 597972284165
12000 7400 713326398729
12000 7424 2106046782761
12000 7448 1360379709895
12000 7472 437877271104
12000 7520 4369364199826
12000 7568 1530113046184
12000 7592 437877271104
12000 7736 6853293585251
12000 7750 148693652001
12000 7856 663296546462
12000 7875 1923391946602
12000 7880 89241058661
12000 7904 4694403492853
12000 7928 327235288299
12000 7952 2141088821386
12000 7976 1141406089597
12000 8000 3040966627343
12000 8024 1141406089597
12000 8048 2141088821386
12000 8072 327235288299
12000 8096 4694403492853
12000 8120 89241058661
12000 8125 1923391946602
12000 8144 663296546462
12000 8250 148693652001
12000 8264 6853293585251
12000 8408 437877271104
12000 8432 1530113046184
12000 8480 4369364199826
12000 8528 437877271104
12000 8552 1360379709895
12000 8576 2106046782761
12000 8600 713326398729
12000 8624 597972284165
12000 8648 62814397614
12000 8672 2182757921249
12000 8696 4652639652899
12000 8720 2682397044432
12000 8750 916551717564
12000 8768 2714711876030
12000 8792 1818412884158
12000 8816 357821350901
12000 8840 3290037491897
12000 8864 2106046782761
12000 8912 1673003105629
12000 8936 1337415859732
12000 8984 5191044794700
12000 9000 5505704661103
12000 9125 17469265810439
12000 9250 10290655611946
12000 9375 8910539976215
12000 9500 12131713985315
12000 9625 8574941852937
12000 9750 6309289426432
12000 9875 6465423759492
12000 10000 3690842242223
12000 10024 1256875762351
12000 10048 1452365479038
12000 10072 1471580771969
12000 10096 1173456077481
12000 10120 1406053171229
12000 10144 930158251738
12000 10168 1428835374824
12000 10192 936083925905
12000 10216 1202048893605
12000 10240 1832874303692
12000 10264 1525314555188
12000 10288 1472386203407
12000 10312 1348982600613
12000 10336 1603786589788
12000 10360 2041711169957
12000 10384 1802555563050
12000 10408 2523761886885
12000 10432 2340008456896
12000 10456 2391786192336
12000 10480 2403349886582
12000 10504 2938731671013
12000 10528 2227880894264
12000 10552 3707170795728
12000 10576 4063976923716
12000 10600 918019249319
12000 10624 3508229230014
12000 10648 3774884567519
12000 10672 2500749560025
12000 10696 2701934827610
12000 10720 4411750713406
12000 10744 3941896529715
12000 10768 3302556558691
12000 10792 2905133673796
12000 10816 3135947312213
12000 10840 2158613790415
12000 10864 4790303490277
12000 10912 4267693547256
12000 10936 3345647140739
12000 10960 3069096502682
12000 10984 4863942936232
12000 11008 2698540509398
12000 11032 2493040430526
12000 11056 2328617355101
12000 11080 4908471788709
12000 11104 3683755753146
12000 11128 2337822285847
12000 11152 3706020179387
12000 11176 3820564036341
12000 11200 3058971078864
12000 11224 2885803319232
12000 11248 1671385299943
12000 11272 5041828222868
12000 11296 4119321569816
12000 11320 2960650912346
12000 11344 2470545881020
12000 11368 3230988222152
12000 11392 2232828544542
12000 11416 2794444381593
12000 11440 2099587172015
12000 11464 2506445110923
12000 11488 1868313287059
12000 11512 2275458880050
12000 11536 2136867141528
12000 11560 2016685264495
12000 11584 2271891969387
12000 11608 1736682777412
12000 11632 1975263076147
12000 11656 1734093890638
12000 11680 1602808565894
12000 11704 1489357794467
12000 11728 1369521102336
12000 11752 966862913083
12000 11776 1342884333994
12000 11800 1266425878000
12000 11824 1223680480855
12000 11848 360718223555
12000 11872 1656139633396
12000 11896 634277259117
12000 11920 1612416212358
12000 11944 871074102520
12000 11968 1267116247805
12000 12000 135197420314
12000 12016 2100047418551
12000 12040 3153781865533
12000 12064 2883904802264
12000 12088 2561041856402
12000 12112 2804972521132
12000 12136 2654932149996
12000 12160 2341791912228
12000 12184 2585147268789
12000 12208 1915776211208
12000 12232 1655736917675
12000 12256 3014672349654
12000 12280 2585377392059
12000 12304 2020712421698
12000 12328 2590670227235
12000 12352 1220401224276
12000 12376 3725523126402
12000 12400 3088829572967
12000 12424 2937581054668
12000 12448 2859339143342
12000 12472 4179268681290
12000 12496 3293869405299
12000 12520 2793466357700
12000 12544 3237086488771
12000 12568 2342137097130
12000 12592 3926248147451
12000 12616 2976586948698
12000 12640 3510242808616
12000 12664 3617882967509
12000 12688 2495226601579
12000 12712 3123290532440
12000 12736 3588254596672
12000 12760 1703660088363
12000 12784 3564091653467
12000 12808 3417618192995
12000 12832 2643195863295
12000 12856 3778969255537
12000 12880 2956508693511
12000 12904 3904674091016
12000 12928 3194226029989
12000 12952 3540964264974
12000 12976 3058108116604
12000 13000 3642908872970
12000 13024 2280521591961
12000 13048 2750318244834
12000 13072 3086413278644
12000 13096 3808885280457
12000 13120 3285412375180
12000 13144 3519390208539
12000 13168 3232311430944
12000 13192 3402717711355
12000 13216 3602522239329
12000 13240 4587622421445
12000 13264 3458522603994
12000 13288 4324879179506
12000 13312 3157924084365
12000 13336 4797437311604
12000 13360 3388335007065
12000 13384 3889255832018
12000 13408 5645614148896
12000 13432 3439077187793
12000 13456 3136177435483
12000 13480 3765219390237
12000 13504 1785353848720
12000 13528 441031244301
12000 13552 1224313319842
12000 13576 1808768891305
12000 13600 1719768717167
12000 13624 1866242177639
12000 13648 1213497526219
12000 13696 1275515747109
12000 13720 585433595354
12000 13744 427051255732
12000 13768 1338051745353
12000 13816 691060175649
12000 13840 469336406338
12000 13864 57530819
12000 13888 1295536471478
12000 13912 674663892758
12000 13936 489011945804
12000 14002 56667854900
12000 14020 15189286344826
12000 14040 18284847023398
12000 14044 1187493596864
12000 14062 4161146473885
12000 14078 18672029422839
12000 14100 12147344387845
12000 14124 2033311670653
12000 14134 4116445028958
12000 14172 7444545270464
12000 14198 2099932356918
12000 14200 1487919524038
12000 14214 5893629501643
12000 14240 9593033637052
12000 14248 554769669813
12000 14262 1202624201778
12000 14286 7606436989930
12000 14310 7236283712367
12000 14320 11741924719366
12000 14360 9631291630459
12000 14384 9060585924298
12000 14400 5314869481081
12000 14426 5142334560435
12000 14440 5169604167768
12000 14462 2846797425202
12000 14472 888045693580
12000 14500 8201478231750
12000 14518 3617537782606
12000 14540 5397771388597
12000 14562 2077322745775
12000 14586 1041883098648
12000 14594 1064952956327
12000 14636 14926485572073
12000 14660 2106778524156
12000 14700 7920210066685
12000 14736 2277702581922
12000 14760 5542806578640
12000 14788 1004775721587
12000 14800 10307048608743
12000 14836 9927345215531
12000 14892 2106778524156
12000 14922 3499139360905
12000 14940 1769360281554
12000 14966 885801991713
12000 14980 10329830812337
12000 15072 1627201632369
12000 15140 679784135487
12000 15200 142043587553
12000 15300 858589915199
12000 15380 829766975804
12002 1998 7288924410063
12002 2206 163847767254
12002 3998 1431826977315
12002 4100 214474886349
12002 5876 113508302247
12002 5986 672707844975
12002 5996 691750545455
12002 7986 2403563649791
12002 8014 2403563649791
12002 10004 691750545455
12002 10014 672707844975
12002 10124 113508302247
12002 11900 214474886349
12002 12002 1431826977315
12002 13794 163847767254
12002 14002 7288924410063
12004 2164 812335138209
12004 2214 935048371197
12004 2226 197043048753
12004 2246 197043048753
12004 3990 626913314521
12004 4164 345242433739
12004 11836 345242433739
12004 12010 626913314521
12004 13754 197043048753
12004 13774 197043048753
12004 13786 935048371197
12004 13836 812335138209
12006 2330 1013923121515
12006 2492 503682304178
12006 3994 304165430293
12006 5904 309745919557
12006 10096 309745919557
12006 12006 304165430293
12006 13508 503682304178
12006 13670 1013923121515
12008 1996 2126108878720
12008 14004 2126108878720
12010 3996 626913314521
12010 4084 470429491864
12010 5460 935796271817
12010 5842 160223325776
12010 5880 19848131922
12010 10120 19848131922
12010 10158 160223325776
12010 10540 935796271817
12010 11916 470429491864
12010 12004 626913314521
12012 4058 348924406039
12012 11942 348924406039
12014 5912 675641916652
12014 10088 675641916652
12016 2000 2282995417098
12016 2418 513577604730
12016 4000 2100047418551
12016 6000 1304655105999
12016 10000 1304655105999
12016 12000 2100047418551
12016 13582 513577604730
12016 14000 2282995417098
12018 2480 501496133130
12018 4230 283626928570
12018 5988 119721630498
12018 10012 119721630498
12018 11770 283626928570
12018 13520 501496133130
12020 1988 57530819
12020 5536 47060208432
12020 5948 59889580661
12020 7536 2182757921249
12020 8464 2182757921249
12020 10052 59889580661
12020 10464 47060208432
12020 14012 57530819
12022 2738 57530819
12022 2830 57530819
12022 4098 718042128894
12022 5446 464849002604
12022 5476 907893825498
12022 10524 907893825498
12022 10554 464849002604
12022 11902 718042128894
12022 13170 57530819
12022 13262 57530819
12024 920 1208377283490
12024 5804 105684111115
12024 7804 1918156455699
12024 8196 1918156455699
12024 10196 105684111115
12024 15080 1208377283490
12026 1990 1495973838439
12026 4520 874928667272
12026 11480 874928667272
12026 14010 1495973838439
12028 4124 209757359345
12028 5548 437751987722
12028 7548 5009337203947
12028 8452 5009337203947
12028 10452 437751987722
12028 11876 209757359345
12030 4214 504372673988
12030 5484 173628006172
12030 5960 417788794172
12030 5988 267173114864
12030 7988 720522864639
12030 8012 720522864639
12030 10012 267173114864
12030 10040 417788794172
12030 10516 173628006172
12030 11786 504372673988
12032 3968 57530819
12032 12032 57530819
12034 2956 137383591363
12034 13044 137383591363
12036 5500 545909923969
12036 7500 4913053304960
12036 8500 4913053304960
12036 10500 545909923969
12038 5446 113795956331
12038 5940 507076622390
12038 10060 507076622390
12038 10554 113795956331
12040 2000 4102062324672
12040 4000 3153781865533
12040 5520 594005687109
12040 6000 1025832000664
12040 8000 63497359488
12040 10000 1025832000664
12040 10480 594005687109
12040 12000 3153781865533
12040 14000 4102062324672
12042 4530 57530819
12042 11470 57530819
12044 3930 713899910058
12044 5460 872397311316
12044 10540 872397311316
12044 12070 713899910058
12048 5958 468991221435
12048 7958 2230474044455
12048 8042 2230474044455
12048 10042 468991221435
12050 5482 960534523194
12050 10518 960534523194
12052 5918 342480954518
12052 10082 342480954518
12058 5482 555977816972
12058 10518 555977816972
12060 4870 403808805603
12060 5492 346450580898
12060 10508 346450580898
12060 11130 403808805603
12062 2984 57530819
12062 5050 699689798219
12062 10950 699689798219
12062 13016 57530819
12064 1980 57530819
12064 2000 5571456925583
12064 4000 2883904802264
12064 5496 1276263647733
12064 6000 1709902182026
12064 10000 1709902182026
12064 10504 1276263647733
12064 12000 2883904802264
12064 14000 5571456925583
12064 14020 57530819
12070 3956 713899910058
12070 12044 713899910058
12074 1992 714302625779
12074 2998 134507050505
12074 13002 134507050505
12074 14008 714302625779
12078 4796 135197420314
12078 4870 150040371140
12078 5402 1157347448677
12078 10598 1157347448677
12078 11130 150040371140
12078 11204 135197420314
12084 5960 37912808508
12084 10040 37912808508
12086 5406 798412680459
12086 10594 798412680459
12088 1980 1555115518475
12088 2000 1400300089513
12088 2934 426821132463
12088 4000 2561041856402
12088 6000 1185825203165
12088 8000 1820923614238
12088 10000 1185825203165
12088 12000 2561041856402
12088 13066 426821132463
12088 14000 1400300089513
12088 14020 1555115518475
12092 2896 508629954456
12092 13104 508629954456
12098 5400 1044471985422
12098 10600 1044471985422
12110 1970 57530819
12110 14030 57530819
12112 2000 1550110337383
12112 4000 2804972521132
12112 4908 545679800704
12112 4982 57530819
12112 6000 1108762673591
12112 8000 355224578137
12112 10000 1108762673591
12112 11018 57530819
12112 11092 545679800704
12112 12000 2804972521132
12112 14000 1550110337383
12118 5526 202796130469
12118 10474 202796130469
12120 5000 550569920159
12120 11000 550569920159
12124 3838 179898865242
12124 3846 57530819
12124 12154 57530819
12124 12162 179898865242
12125 5875 3575458710087
12125 6000 5272082154211
12125 6125 5142948678681
12125 7875 4453371154371
12125 8000 2661033042573
12125 8125 4453371154371
12125 9875 5142948678681
12125 10000 5272082154211
12125 10125 3575458710087
12130 1974 4962263102746
12130 2858 112070031818
12130 13142 112070031818
12130 14026 4962263102746
12134 5536 552813622030
12134 10464 552813622030
12136 2000 3845014633630
12136 4000 2654932149996
12136 6000 1337620264225
12136 10000 1337620264225
12136 12000 2654932149996
12136 14000 3845014633630
12140 4966 57530819
12140 11034 57530819
12148 4920 463065547268
12148 11080 463065547268
12154 3876 57530819
12154 12124 57530819
12158 3760 9492584831
12158 12240 9492584831
12160 2000 5117596309062
12160 4000 2341791912228
12160 6000 1104102677401
12160 8000 3712637737689
12160 10000 1104102677401
12160 12000 2341791912228
12160 14000 5117596309062
12162 2916 80370551565
12162 3876 179898865242
12162 5536 769762333515
12162 5560 57530819
12162 7536 751405142648
12162 8464 751405142648
12162 10440 57530819
12162 10464 769762333515
12162 12124 179898865242
12162 13084 80370551565
12164 3836 854505227181
12164 12164 854505227181
12166 5552 419457187866
12166 10448 419457187866
12172 5014 1333736934066
12172 7014 10815589606572
12172 8986 10815589606572
12172 10986 1333736934066
12176 5836 225693395697
12176 7836 1491058141474
12176 8164 1491058141474
12176 10164 225693395697
12178 5912 113795956331
12178 10088 113795956331
12180 2834 246979798043
12180 2906 181567258937
12180 13094 181567258937
12180 13166 246979798043
12184 2000 3092338952812
12184 2872 577494342589
12184 4000 2585147268789
12184 6000 1143856472055
12184 8000 3934932557175
12184 10000 1143856472055
12184 12000 2585147268789
12184 13128 577494342589
12184 14000 3092338952812
12188 5560 341272807354
12188 10440 341272807354
12192 2906 403866336417
12192 13094 403866336417
12194 2880 830399814795
12194 13120 830399814795
12208 2000 3984469334408
12208 4000 1915776211208
12208 4888 616500236619
12208 5112 175871708040
12208 6000 1074848256879
12208 10000 1074848256879
12208 10888 175871708040
12208 11112 616500236619
12208 12000 1915776211208
12208 14000 3984469334408
12210 2884 356058227366
12210 13116 356058227366
12214 2902 670579204741
12214 5522 299102718382
12214 10478 299102718382
12214 13098 670579204741
12218 4900 1670579868500
12218 4980 699172020866
12218 5570 440801121032
12218 10430 440801121032
12218 11020 699172020866
12218 11100 1670579868500
12222 1970 1021517189377
12222 14030 1021517189377
12226 5576 57530819
12226 10424 57530819
12228 2936 57530819
12228 13064 57530819
12230 2922 1366414438212
12230 4986 492003548299
12230 11014 492003548299
12230 13078 1366414438212
12232 2000 3028939992311
12232 4000 1655736917675
12232 6000 1061817526792
12232 10000 1061817526792
12232 12000 1655736917675
12232 14000 3028939992311
12234 5064 795133423879
12234 10936 795133423879
12236 4942 57530819
12236 5572 1070475914773
12236 7572 1432139695646
12236 8428 1432139695646
12236 10428 1070475914773
12236 11058 57530819
12240 3842 9492584831
12240 12158 9492584831
12244 5040 164710729514
12244 10960 164710729514
12246 2948 2919804032170
12246 13052 2919804032170
12250 2964 874410889918
12250 6000 7875800670030
12250 6250 628429360141
12250 6500 7482950440843
12250 6750 2043269768888
12250 6875 1410902850392
12250 7000 794292118185
12250 7500 3080416658182
12250 8000 2317789315423
12250 8500 3080416658182
12250 9000 794292118185
12250 9125 1410902850392
12250 9250 2043269768888
12250 9500 7482950440843
12250 9750 628429360141
12250 10000 7875800670030
12250 13036 874410889918
12256 2000 3070074526575
12256 4000 3014672349654
12256 6000 1225406405368
12256 10000 1225406405368
12256 12000 3014672349654
12256 14000 3070074526575
12260 2980 2967094363868
12260 4982 960419461561
12260 11018 960419461561
12260 13020 2967094363868
12268 5006 57530819
12268 7006 26780595410
12268 8994 26780595410
12268 10994 57530819
12272 5006 601369631706
12272 10994 601369631706
12274 2998 5138134810785
12274 13002 5138134810785
12278 4994 798700334543
12278 5006 1244334044211
12278 10994 1244334044211
12278 11006 798700334543
12280 2000 1660972222037
12280 4000 2585377392059
12280 6000 929870597654
12280 10000 929870597654
12280 12000 2585377392059
12280 14000 1660972222037
12284 1994 125877427935
12284 14006 125877427935
12292 3038 872742496219
12292 5000 6185770991145
12292 11000 6185770991145
12292 12962 872742496219
12302 3044 3061790088904
12302 12956 3061790088904
12304 2000 2537971998724
12304 4000 2020712421698
12304 6000 1226902206615
12304 8000 2800044905793
12304 10000 1226902206615
12304 12000 2020712421698
12304 14000 2537971998724
12312 1940 15475789817
12312 14060 15475789817
12314 5074 237429682394
12314 10926 237429682394
12316 4296 723392494889
12316 11704 723392494889
12318 3074 1248706386316
12318 12926 1248706386316
12324 1908 911115551258
12324 14092 911115551258
12326 3092 337648365877
12326 12908 337648365877
12328 2000 1524969370285
12328 4000 2590670227235
12328 6000 1108302427051
12328 8000 1104102678506
12328 10000 1108302427051
12328 12000 2590670227235
12328 14000 1524969370285
12332 1998 1276954017538
12332 14002 1276954017538
12334 5100 2192441910897
12334 7100 128570315639
12334 8900 128570315639
12334 10900 2192441910897
12340 3098 2682719534679
12340 4980 9527333443866
12340 5020 4907033518280
12340 7020 93724761512
12340 8980 93724761512
12340 10980 4907033518280
12340 11020 9527333443866
12340 12902 2682719534679
12346 3120 1141871658861
12346 12880 1141871658861
12348 5080 2533024348446
12348 7080 548855721155
12348 8920 548855721155
12348 10920 2533024348446
12350 5132 57530819
12350 10868 57530819
12352 1910 900644942538
12352 2000 3732944601813
12352 4000 1220401224276
12352 6000 1601197703014
12352 8000 7565866934329
12352 10000 1601197703014
12352 12000 1220401224276
12352 14000 3732944601813
12352 14090 900644942538
12354 1972 1662928269820
12354 3136 605109134820
12354 12864 605109134820
12354 14028 1662928269820
12360 5142 539293879997
12360 10858 539293879997
12364 5150 46945146800
12364 7150 3463473410567
12364 8850 3463473410567
12364 10850 46945146800
12368 3142 556610655959
12368 12858 556610655959
12374 5634 57530819
12374 7634 3965853637455
12374 8366 3965853637455
12374 10366 57530819
12375 5875 1071425173259
12375 6000 5375610347400
12375 6125 576686088471
12375 6750 3727536237027
12375 6875 10508985447226
12375 7000 7361094952266
12375 7125 5448598389399
12375 8875 5448598389399
12375 9000 7361094952266
12375 9125 10508985447226
12375 9250 3727536237027
12375 9875 576686088471
12375 10000 5375610347400
12375 10125 1071425173259
12376 2000 4533428391686
12376 4000 3725523126402
12376 4860 351570823627
12376 6000 821396241911
12376 10000 821396241911
12376 11140 351570823627
12376 12000 3725523126402
12376 14000 4533428391686
12378 3148 2483720438147
12378 12852 2483720438147
12380 1904 336670341983
12380 1918 1229433562571
12380 14082 1229433562571
12380 14096 336670341983
12382 3162 1446612397322
12382 12838 1446612397322
12384 3174 273961751288
12384 12826 273961751288
12388 3188 57530819
12388 12812 57530819
12390 4840 2599817627163
12390 5160 1983547513814
12390 10840 1983547513814
12390 11160 2599817627163
12392 1954 63398960505
12392 14046 63398960505
12400 2000 3500922816236
12400 3200 719307806872
12400 4000 3088829572967
12400 6000 1729318832816
12400 10000 1729318832816
12400 12000 3088829572967
12400 12800 719307806872
12400 14000 3500922816236
12402 5202 1433207716925
12402 10798 1433207716925
12406 3208 842078570674
12406 4810 57530819
12406 5190 561443244600
12406 10810 561443244600
12406 11190 57530819
12406 12792 842078570674
12414 4792 11736286702
12414 11208 11736286702
12420 1990 1639973473774
12420 5230 919342458111
12420 7230 1814467950948
12420 8770 1814467950948
12420 10770 919342458111
12420 14010 1639973473774
12424 2000 3590383236906
12424 3206 4025718930306
12424 4000 2937581054668
12424 6000 1504660991832
12424 8000 8931951020116
12424 10000 1504660991832
12424 12000 2937581054668
12424 12794 4025718930306
12424 14000 3590383236906
12440 3240 5063287217667
12440 4860 73581915141
12440 5140 3079394518951
12440 5174 762398388919
12440 7140 801316270728
12440 7174 2999948930537
12440 8826 2999948930537
12440 8860 801316270728
12440 10826 762398388919
12440 10860 3079394518951
12440 11140 73581915141
12440 12760 5063287217667
12442 2746 967610813706
12442 3254 534173637272
12442 5736 118398421706
12442 10264 118398421706
12442 12746 534173637272
12442 13254 967610813706
12444 5788 113508302247
12444 10212 113508302247
12448 2000 2763205147876
12448 4000 2859339143342
12448 6000 1364343328792
12448 10000 1364343328792
12448 12000 2859339143342
12448 14000 2763205147876
12450 3264 57530819
12450 12736 57530819
12454 2708 375791297646
12454 13292 375791297646
12464 2644 312392337146
12464 13356 312392337146
12468 2710 44298729211
12468 3286 1010528803303
12468 12714 1010528803303
12468 13290 44298729211
12472 2000 2372225714502
12472 4000 4179268681290
12472 5290 350880453822
12472 6000 1693103183418
12472 10000 1693103183418
12472 10710 350880453822
12472 12000 4179268681290
12472 14000 2372225714502
12476 4768 4097402328482
12476 11232 4097402328482
12480 1802 1005868807113
12480 1906 911058020444
12480 4834 3410081655952
12480 5252 1153147699023
12480 10748 1153147699023
12480 11166 3410081655952
12480 14094 911058020444
12480 14198 1005868807113
12484 5252 1289553266497
12484 10748 1289553266497
12496 2000 2773733287415
12496 4000 3293869405299
12496 6000 1456536463281
12496 10000 1456536463281
12496 12000 3293869405299
12496 14000 2773733287415
12500 2712 512599580841
12500 5292 2403292355768
12500 5676 243527949013
12500 5750 3090681364741
12500 5796 57530819
12500 6000 9585333889874
12500 6125 1565251703459
12500 6375 4736641979397
12500 6500 5977399946656
12500 6625 5512893357014
12500 6750 14448510959426
12500 7000 3256271255537
12500 7250 4201586015729
12500 7500 12453532366624
12500 7676 16162973230
12500 8324 16162973230
12500 8500 12453532366624
12500 8750 4201586015729
12500 9000 3256271255537
12500 9250 14448510959426
12500 9375 5512893357014
12500 9500 5977399946656
12500 9625 4736641979397
12500 9875 1565251703459
12500 10000 9585333889874
12500 10204 57530819
12500 10250 3090681364741
12500 10324 243527949013
12500 10708 2403292355768
12500 13288 512599580841
12504 1920 79104873587
12504 5238 57530819
12504 5326 328385904312
12504 7238 490432580314
12504 8762 490432580314
12504 10674 328385904312
12504 10762 57530819
12504 14080 79104873587
12508 5686 364055010949
12508 7686 1145150916582
12508 8314 1145150916582
12508 10314 364055010949
12516 2648 517317107845
12516 3336 755609752495
12516 12664 755609752495
12516 13352 517317107845
12520 1806 57530819
12520 2000 2574504067613
12520 4000 2793466357700
12520 4692 3341562452722
12520 5216 272293357589
12520 6000 1104131442808
12520 7216 2050358430992
12520 8000 7121462724075
12520 8784 2050358430992
12520 10000 1104131442808
12520 10784 272293357589
12520 11308 3341562452722
12520 12000 2793466357700
12520 14000 2574504067613
12520 14194 57530819
12528 3320 5306412450958
12528 12680 5306412450958
12536 5360 56667854900
12536 10640 56667854900
12540 1980 1169659043548
12540 1988 101254238191
12540 4696 133298903346
12540 5358 388275484972
12540 5692 180991950769
12540 10308 180991950769
12540 10642 388275484972
12540 11304 133298903346
12540 14012 101254238191
12540 14020 1169659043548
12542 4660 1029686565411
12542 11340 1029686565411
12544 2000 1119031924452
12544 4000 3237086488771
12544 5366 1599816963403
12544 6000 1506358150938
12544 8000 11513547303309
12544 10000 1506358150938
12544 10634 1599816963403
12544 12000 3237086488771
12544 14000 1119031924452
12550 1932 600449138631
12550 2626 289437541100
12550 13374 289437541100
12550 14068 600449138631
12558 1978 663330321781
12558 4676 692555976893
12558 11324 692555976893
12558 14022 663330321781
12560 3266 5210566109581
12560 12734 5210566109581
12568 2000 2975723986442
12568 4000 2342137097130
12568 5200 99298190408
12568 6000 1517001352109
12568 7200 2880463644940
12568 8800 2880463644940
12568 10000 1517001352109
12568 10800 99298190408
12568 12000 2342137097130
12568 14000 2975723986442
12570 2604 390116471118
12570 3394 1937465329276
12570 12606 1937465329276
12570 13396 390116471118
12580 4640 931423929716
12580 5308 2387413850231
12580 7308 107886926178
12580 8692 107886926178
12580 10692 2387413850231
12580 11360 931423929716
12592 2000 1614084606056
12592 4000 3926248147451
12592 6000 1207312963375
12592 8000 473633982813
12592 10000 1207312963375
12592 12000 3926248147451
12592 14000 1614084606056
12598 1960 201357860040
12598 14040 201357860040
12600 4600 789322811345
12600 5704 327235287971
12600 10296 327235287971
12600 11400 789322811345
12602 4632 963813779773
12602 11368 963813779773
12604 1998 1403119099557
12604 5428 1057589011731
12604 10572 1057589011731
12604 14002 1403119099557
12606 3430 1937465329276
12606 12570 1937465329276
12608 1962 1596422645191
12608 2570 57530819
12608 13430 57530819
12608 14038 1596422645191
12616 2000 2250548036226
12616 4000 2976586948698
12616 4632 439708035505
12616 6000 1819613450335
12616 8000 4731668062210
12616 10000 1819613450335
12616 11368 439708035505
12616 12000 2976586948698
12616 14000 2250548036226
12622 4604 1428145005018
12622 11396 1428145005018
12630 1968 36417007261
12630 14032 36417007261
12640 2000 1850421202924
12640 2536 701588315188
12640 4000 3510242808616
12640 6000 1780866444986
12640 8000 1858561815411
12640 10000 1780866444986
12640 12000 3510242808616
12640 13464 701588315188
12640 14000 1850421202924
12642 4322 359395014759
12642 11678 359395014759
12650 1964 864688181817
12650 14036 864688181817
12656 4686 65642662373
12656 5314 2261421360667
12656 5476 2238639157073
12656 7314 18478918902169
12656 8686 18478918902169
12656 10524 2238639157073
12656 10686 2261421360667
12656 11314 65642662373
12660 5220 912381229236
12660 5708 472443070466
12660 7220 2240496119994
12660 8780 2240496119994
12660 10292 472443070466
12660 10780 912381229236
12664 1964 745656921125
12664 2000 2453114043421
12664 3484 755609752495
12664 4000 3617882967509
12664 6000 2064493373551
12664 10000 2064493373551
12664 12000 3617882967509
12664 12516 755609752495
12664 14000 2453114043421
12664 14036 745656921125
12674 4546 57530819
12674 11454 57530819
12676 4660 353239217326
12676 11340 353239217326
12678 4620 782073928386
12678 11380 782073928386
12680 3472 5306412450958
12680 12528 5306412450958
12682 5898 452134692012
12682 7898 1220106931123
12682 8102 1220106931123
12682 10102 452134692012
12688 2000 1969682586882
12688 4000 2495226601579
12688 6000 1522984557095
12688 8000 8688061458048
12688 10000 1522984557095
12688 12000 2495226601579
12688 14000 1969682586882
12694 5514 57530819
12694 7514 2543825386004
12694 8486 2543825386004
12694 10486 57530819
12696 1684 822805746929
12696 14316 822805746929
12698 4484 894374083468
12698 11516 894374083468
12700 3300 4463701041297
12700 4632 235243511342
12700 5342 363249579511
12700 5364 3335119001200
12700 5480 1592337957174
12700 10520 1592337957174
12700 10636 3335119001200
12700 10658 363249579511
12700 11368 235243511342
12700 12700 4463701041297
12704 4588 705327818303
12704 5412 3199921580890
12704 7412 1790152035428
12704 8588 1790152035428
12704 10588 3199921580890
12704 11412 705327818303
12710 1976 894374083468
12710 14024 894374083468
12712 2000 3941436283179
12712 4000 3123290532440
12712 5528 311989621424
12712 6000 1617824109171
12712 8000 2007418607280
12712 10000 1617824109171
12712 10472 311989621424
12712 12000 3123290532440
12712 14000 3941436283179
12714 3532 1010528803303
12714 12468 1010528803303
12718 1956 57530819
12718 14044 57530819
12720 1722 624094304481
12720 14278 624094304481
12726 1750 624094304481
12726 2460 172822574730
12726 13540 172822574730
12726 14250 624094304481
12728 4268 1016281885015
12728 11732 1016281885015
12730 2440 238062521381
12730 13560 238062521381
12734 1688 458520612715
12734 3440 5210566109581
12734 12560 5210566109581
12734 14312 458520612715
12736 2000 3738870275980
12736 3550 57530819
12736 4000 3588254596672
12736 6000 1858561813551
12736 8000 1858561815411
12736 10000 1858561813551
12736 12000 3588254596672
12736 12450 57530819
12736 14000 3738870275980
12740 4294 114371264503
12740 5918 977793768342
12740 10082 977793768342
12740 11706 114371264503
12744 1938 57530819
12744 14062 57530819
12746 3558 534173637272
12746 12442 534173637272
12750 5500 1127267711446
12750 5750 564232898708
12750 6000 11208702633147
12750 6250 3939307643511
12750 6500 6881368451281
12750 6625 2393749625700
12750 6750 4823780012709
12750 7000 1398385962965
12750 7375 2690296491436
12750 7500 3189834651135
12750 8500 3189834651135
12750 8625 2690296491436
12750 9000 1398385962965
12750 9250 4823780012709
12750 9375 2393749625700
12750 9500 6881368451281
12750 9750 3939307643511
12750 10000 11208702633147
12750 10250 564232898708
12750 10500 1127267711446
12756 2434 1120757848966
12756 5562 144459881875
12756 10438 144459881875
12756 13566 1120757848966
12760 2000 3164712720789
12760 3560 5063287217667
12760 4000 1703660088363
12760 4262 134967297045
12760 4470 2783225872246
12760 6000 1838483558364
12760 8000 1258033987298
12760 10000 1838483558364
12760 11530 2783225872246
12760 11738 134967297045
12760 12000 1703660088363
12760 12440 5063287217667
12760 14000 3164712720789
12762 1958 433839892156
12762 14042 433839892156
12766 1974 57530819
12766 14026 57530819
12772 4664 552756091212
12772 11336 552756091212
12780 4246 660798965826
12780 5310 436658902196
12780 5436 2199863386312
12780 10564 2199863386312
12780 10690 436658902196
12780 11754 660798965826
12782 1938 508745016089
12782 5560 7103560117194
12782 7560 2586933774504
12782 8440 2586933774504
12782 10440 7103560117194
12782 14062 508745016089
12784 2000 3957544911982
12784 4000 3564091653467
12784 6000 1639513227239
12784 10000 1639513227239
12784 12000 3564091653467
12784 14000 3957544911982
12786 4470 1164883985725
12786 5582 57530819
12786 7582 2350048234463
12786 8418 2350048234463
12786 10418 57530819
12786 11530 1164883985725
12792 1752 469336406338
12792 1966 57530819
12792 3594 842078570674
12792 12406 842078570674
12792 14034 57530819
12792 14248 469336406338
12794 3576 4025718930306
12794 4430 4441609207508
12794 5570 1378323317361
12794 7570 2485862292894
12794 8430 2485862292894
12794 10430 1378323317361
12794 11570 4441609207508
12794 12424 4025718930306
12800 2400 972961179701
12800 3600 719307806872
12800 12400 719307806872
12800 13600 972961179701
12806 1780 1101139840318
12806 14220 1101139840318
12808 2000 2726673078987
12808 4000 3417618192995
12808 6000 1760212881626
12808 8000 3224086465301
12808 10000 1760212881626
12808 12000 3417618192995
12808 14000 2726673078987
12810 1998 1265562915743
12810 14002 1265562915743
12812 1828 354044648764
12812 3612 57530819
12812 12388 57530819
12812 14172 354044648764
12814 1792 210332667517
12814 2384 558911888649
12814 13616 558911888649
12814 14208 210332667517
12816 4390 805834155869
12816 5274 62651059882
12816 5610 527730185750
12816 10390 527730185750
12816 10726 62651059882
12816 11610 805834155869
12818 4216 234150425815
12818 11784 234150425815
12820 1958 336957996071
12820 14042 336957996071
12826 3616 273961751288
12826 5618 573294592935
12826 10382 573294592935
12826 12384 273961751288
12832 2000 4245256528565
12832 2378 38948363216
12832 4000 2643195863295
12832 6000 1920407441990
12832 8000 13824997505585
12832 10000 1920407441990
12832 12000 2643195863295
12832 13622 38948363216
12832 14000 4245256528565
12838 3618 1446612397322
12838 12382 1446612397322
12840 1746 717639413173
12840 4488 1155391400895
12840 5780 131342855563
12840 10220 131342855563
12840 11512 1155391400895
12840 14254 717639413173
12844 5626 646934038890
12844 10374 646934038890
12850 5778 586986927420
12850 10222 586986927420
12852 3622 2483720438147
12852 12378 2483720438147
12856 2000 4240021224203
12856 4000 3778969255537
12856 5738 563974600556
12856 6000 1947216802783
12856 7738 5507507832019
12856 8000 1802500402957
12856 8262 5507507832019
12856 10000 1947216802783
12856 10262 563974600556
12856 12000 3778969255537
12856 14000 4240021224203
12858 3632 556610655959
12858 12368 556610655959
12862 4260 143079142265
12862 5640 1306985104092
12862 10360 1306985104092
12862 11740 143079142265
12864 3646 605109134820
12864 4358 223219570556
12864 11642 223219570556
12864 12354 605109134820
12866 1760 1972271473652
12866 14240 1972271473652
12870 1830 2359511403911
12870 14170 2359511403911
12874 1702 488896884171
12874 14298 488896884171
12875 6000 15459967413948
12875 10000 15459967413948
12876 1770 598550621666
12876 14230 598550621666
12880 1960 175526523137
12880 2000 4060467543867
12880 3654 1141871658861
12880 4000 2956508693511
12880 6000 1478254346756
12880 10000 1478254346756
12880 12000 2956508693511
12880 12346 1141871658861
12880 14000 4060467543867
12880 14040 175526523137
12884 5650 1379876649427
12884 10350 1379876649427
12898 4228 752560619186
12898 11772 752560619186
12900 5664 517834885199
12900 10336 517834885199
12902 3660 2682719534679
12902 12340 2682719534679
12904 1830 71683398177
12904 2000 3588887435663
12904 4000 3904674091016
12904 6000 1798873590754
12904 10000 1798873590754
12904 12000 3904674091016
12904 14000 3588887435663
12904 14170 71683398177
12908 3674 337648365877
12908 12326 337648365877
12914 5802 563686946471
12914 10198 563686946471
12916 5680 803590454002
12916 10320 803590454002
12920 1790 1110920079232
12920 14210 1110920079232
12926 3682 1248706386316
12926 4198 1222702456961
12926 11802 1222702456961
12926 12318 1248706386316
12928 2000 2874929994791
12928 4000 3194226029989
12928 6000 1750576469751
12928 8000 15414777552632
12928 10000 1750576469751
12928 12000 3194226029989
12928 14000 2874929994791
12934 5818 253480780379
12934 10182 253480780379
12946 5700 172707513097
12946 10300 172707513097
12952 2000 3262227455865
12952 4000 3540964264974
12952 6000 1318059786396
12952 10000 1318059786396
12952 12000 3540964264974
12952 14000 3262227455865
12954 1818 1602175726907
12954 14182 1602175726907
12956 3698 3061790088904
12956 12302 3061790088904
12962 3708 872742496219
12962 12292 872742496219
12964 5698 1294270793501
12964 7698 1044480835828
12964 8302 1044480835828
12964 10302 1294270793501
12966 5830 691865607088
12966 10170 691865607088
12974 1720 413704106150
12974 14280 413704106150
12976 2000 3016283212534
12976 4000 3058108116604
12976 5710 809401066533
12976 6000 1619003490923
12976 10000 1619003490923
12976 10290 809401066533
12976 12000 3058108116604
12976 14000 3016283212534
12982 5720 404671767859
12982 5848 113508302247
12982 10152 113508302247
12982 10280 404671767859
12998 1766 1110517363515
12998 5844 485099850238
12998 10156 485099850238
12998 14234 1110517363515
13000 2000 2654874619178
13000 4000 3642908872970
13000 5500 1627322369562
13000 5750 755686269680
13000 6000 10718509013026
13000 6250 4568193471613
13000 6375 3189163318653
13000 6500 2360612192516
13000 6750 6667554990350
13000 7000 2110533361887
13000 7625 6913715858123
13000 8375 6913715858123
13000 9000 2110533361887
13000 9250 6667554990350
13000 9500 2360612192516
13000 9625 3189163318653
13000 9750 4568193471613
13000 10000 10718509013026
13000 10250 755686269680
13000 10500 1627322369562
13000 12000 3642908872970
13000 14000 2654874619178
13002 3726 5138134810785
13002 3926 134507050505
13002 12074 134507050505
13002 12274 5138134810785
13010 5740 234150425815
13010 7740 548855721155
13010 8260 548855721155
13010 10260 234150425815
13016 3938 57530819
13016 12062 57530819
13018 1696 1444253633822
13018 1790 567023733865
13018 14210 567023733865
13018 14304 1444253633822
13020 3740 2967094363868
13020 12260 2967094363868
13024 2000 2888622329272
13024 4000 2280521591961
13024 6000 1517806783551
13024 10000 1517806783551
13024 12000 2280521591961
13024 14000 2888622329272
13032 1980 1022092497549
13032 5758 57530819
13032 10242 57530819
13032 14020 1022092497549
13034 1800 1183811624568
13034 14200 1183811624568
13036 3750 874410889918
13036 12250 874410889918
13038 1860 2251986306655
13038 14140 2251986306655
13044 3966 137383591363
13044 5758 873950643378
13044 7758 1460329413574
13044 8242 1460329413574
13044 10242 873950643378
13044 12034 137383591363
13048 2000 4292892045169
13048 4000 2750318244834
13048 6000 1402256137296
13048 8000 9140134647139
13048 10000 1402256137296
13048 12000 2750318244834
13048 14000 4292892045169
13050 1786 336670341983
13050 14214 336670341983
13052 1724 620469863000
13052 3754 2919804032170
13052 12246 2919804032170
13052 14276 620469863000
13058 4244 463640855440
13058 11756 463640855440
13062 1932 681510060000
13062 14068 681510060000
13064 3772 57530819
13064 12228 57530819
13066 1824 202968722921
13066 3912 426821132463
13066 12088 426821132463
13066 14176 202968722921
13072 2000 2716432593533
13072 4000 3086413278644
13072 6000 1034030142109
13072 10000 1034030142109
13072 12000 3086413278644
13072 14000 2716432593533
13078 3770 1366414438212
13078 12230 1366414438212
13084 1880 1190657791806
13084 3838 80370551565
13084 12162 80370551565
13084 14120 1190657791806
13094 3808 403866336417
13094 3820 181567258937
13094 12180 181567258937
13094 12192 403866336417
13096 1844 443677661890
13096 2000 2669372385101
13096 4000 3808885280457
13096 6000 1555144283883
13096 8000 929870598584
13096 10000 1555144283883
13096 12000 3808885280457
13096 14000 2669372385101
13096 14156 443677661890
13098 3786 670579204741
13098 12214 670579204741
13100 1768 1532966153872
13100 14232 1532966153872
13104 1816 483661579809
13104 3908 508629954456
13104 12092 508629954456
13104 14184 483661579809
13110 1872 747958153815
13110 14128 747958153815
13112 1780 412495958991
13112 1906 867852376760
13112 14094 867852376760
13112 14220 412495958991
13116 3790 356058227366
13116 12210 356058227366
13120 1960 928719981309
13120 2000 4693709248276
13120 3806 830399814795
13120 4000 3285412375180
13120 6000 1746261658468
13120 8000 6965366293488
13120 10000 1746261658468
13120 12000 3285412375180
13120 12194 830399814795
13120 14000 4693709248276
13120 14040 928719981309
13125 6125 1484619284361
13125 7875 3732145577991
13125 8125 3732145577991
13125 9875 1484619284361
13128 3816 577494342589
13128 12184 577494342589
13132 4198 409159171598
13132 11802 409159171598
13138 1914 1001841649910
13138 14086 1001841649910
13142 3870 112070031818
13142 12130 112070031818
13144 1774 814751432527
13144 2000 2862503338284
13144 4000 3519390208539
13144 6000 1924434599189
13144 10000 1924434599189
13144 12000 3519390208539
13144 14000 2862503338284
13144 14226 814751432527
13150 1844 556898310047
13150 14156 556898310047
13160 1800 578472366478
13160 1808 338741451403
13160 1892 466057149763
13160 1970 1749109433915
13160 14030 1749109433915
13160 14108 466057149763
13160 14192 338741451403
13160 14200 578472366478
13166 3820 246979798043
13166 12180 246979798043
13168 1924 976413028728
13168 1990 1052238645736
13168 2000 3231275876236
13168 4000 3232311430944
13168 4178 535381784431
13168 6000 1435854134517
13168 10000 1435854134517
13168 11822 535381784431
13168 12000 3232311430944
13168 14000 3231275876236
13168 14010 1052238645736
13168 14076 976413028728
13170 3978 57530819
13170 12022 57530819
13178 1854 759579378880
13178 14146 759579378880
13192 2000 5201763894556
13192 4000 3402717711355
13192 6000 1749368322592
13192 8000 7154855965319
13192 10000 1749368322592
13192 12000 3402717711355
13192 14000 5201763894556
13194 4156 674433769492
13194 11844 674433769492
13216 2000 4067773957645
13216 4000 3602522239329
13216 6000 1533426400408
13216 10000 1533426400408
13216 12000 3602522239329
13216 14000 4067773957645
13238 1842 465079125869
13238 14158 465079125869
13240 2000 3739790769055
13240 4000 4587622421445
13240 6000 1910080660310
13240 8000 7851997842796
13240 10000 1910080660310
13240 12000 4587622421445
13240 14000 3739790769055
13250 5750 2272056381096
13250 6000 11142658370561
13250 6500 694257018320
13250 7250 278982311239
13250 8750 278982311239
13250 9500 694257018320
13250 10000 11142658370561
13250 10250 2272056381096
13254 3558 967610813706
13254 12442 967610813706
13262 3978 57530819
13262 12022 57530819
13264 2000 5873493715637
13264 4000 3458522603994
13264 6000 1393942934218
13264 10000 1393942934218
13264 12000 3458522603994
13264 14000 5873493715637
13284 1992 716086081111
13284 14008 716086081111
13288 2000 3561732889967
13288 3500 512599580841
13288 4000 4324879179506
13288 6000 1754661157773
13288 8000 2435653443138
13288 10000 1754661157773
13288 12000 4324879179506
13288 12500 512599580841
13288 14000 3561732889967
13290 3532 44298729211
13290 12468 44298729211
13292 3546 375791297646
13292 12454 375791297646
13312 2000 4847891838247
13312 4000 3157924084365
13312 6000 1871765136085
13312 8000 4010348242710
13312 10000 1871765136085
13312 12000 3157924084365
13312 14000 4847891838247
13336 2000 3773733951175
13336 4000 4797437311604
13336 6000 1635255946770
13336 10000 1635255946770
13336 12000 4797437311604
13336 14000 3773733951175
13352 3484 517317107845
13352 12516 517317107845
13356 3536 312392337146
13356 12464 312392337146
13360 2000 3869292638467
13360 4000 3388335007065
13360 4060 286503469428
13360 6000 1897654003807
13360 8000 5295009641923
13360 10000 1897654003807
13360 11940 286503469428
13360 12000 3388335007065
13360 14000 3869292638467
13374 3450 289437541100
13374 12550 289437541100
13375 6000 10052643260881
13375 10000 10052643260881
13384 2000 3778969255537
13384 4000 3889255832018
13384 6000 2087016688464
13384 8000 766568852485
13384 10000 2087016688464
13384 12000 3889255832018
13384 14000 3778969255537
13392 4062 411115219381
13392 11938 411115219381
13396 3430 390116471118
13396 12570 390116471118
13408 2000 4557073557537
13408 4000 5645614148896
13408 6000 2517749916492
13408 8000 4152763674947
13408 10000 2517749916492
13408 12000 5645614148896
13408 14000 4557073557537
13416 1998 775170230325
13416 14002 775170230325
13430 3392 57530819
13430 12608 57530819
13432 2000 3778969255537
13432 4000 3439077187793
13432 6000 1678749244539
13432 8000 5803975033853
13432 10000 1678749244539
13432 12000 3439077187793
13432 14000 3778969255537
13456 2000 3515363051341
13456 4000 3136177435483
13456 6000 1978599863540
13456 8000 6605470814468
13456 10000 1978599863540
13456 12000 3136177435483
13456 14000 3515363051341
13464 3360 701588315188
13464 12640 701588315188
13480 2000 2777185136445
13480 4000 3765219390237
13480 6000 1942528041186
13480 8000 376400695473
13480 10000 1942528041186
13480 12000 3765219390237
13480 14000 2777185136445
13500 5750 110602405453
13500 6000 1644134346664
13500 10000 1644134346664
13500 10250 110602405453
13504 2000 3544876360540
13504 4000 1785353848720
13504 6000 539926718988
13504 10000 539926718988
13504 12000 1785353848720
13504 14000 3544876360540
13508 3994 503682304178
13508 5788 497584037560
13508 10212 497584037560
13508 12006 503682304178
13520 3982 501496133130
13520 12018 501496133130
13528 2000 1747671163486
13528 4000 441031244301
13528 6000 836095365693
13528 8000 105831626028
13528 10000 836095365693
13528 12000 441031244301
13528 14000 1747671163486
13540 3274 172822574730
13540 12726 172822574730
13552 2000 1595272028847
13552 4000 1224313319842
13552 6000 878466812524
13552 8000 1176801997104
13552 10000 878466812524
13552 12000 1224313319842
13552 14000 1595272028847
13560 3270 238062521381
13560 12730 238062521381
13566 3244 1120757848966
13566 12756 1120757848966
13576 2000 2161547862087
13576 4000 1808768891305
13576 6000 182056270884
13576 10000 182056270884
13576 12000 1808768891305
13576 14000 2161547862087
13580 5786 277471131133
13580 7786 1668991166508
13580 8214 1668991166508
13580 10214 277471131133
13582 3984 513577604730
13582 12016 513577604730
13598 5810 88022150246
13598 10190 88022150246
13600 2000 2665863005256
13600 3200 972961179701
13600 4000 1719768717167
13600 5800 80370551565
13600 6000 750834694673
13600 10000 750834694673
13600 10200 80370551565
13600 12000 1719768717167
13600 12800 972961179701
13600 14000 2665863005256
13616 3186 558911888649
13616 12814 558911888649
13622 3168 38948363216
13622 12832 38948363216
13624 2000 1603383874067
13624 4000 1866242177639
13624 6000 764958510282
13624 10000 764958510282
13624 12000 1866242177639
13624 14000 1603383874067
13625 6125 237671328355
13625 9875 237671328355
13648 2000 1004545598317
13648 4000 1213497526219
13648 6000 738062853263
13648 8000 1602903639551
13648 10000 738062853263
13648 12000 1213497526219
13648 14000 1004545598317
13670 3994 1013923121515
13670 12006 1013923121515
13672 2000 1314291517870
13672 14000 1314291517870
13696 2000 421585828101
13696 4000 1275515747109
13696 6000 517115749986
13696 10000 517115749986
13696 12000 1275515747109
13696 14000 421585828101
13720 2000 1226614552527
13720 4000 585433595354
13720 6000 282073596504
13720 10000 282073596504
13720 12000 585433595354
13720 14000 1226614552527
13744 2000 249683746450
13744 4000 427051255732
13744 6000 213525627866
13744 10000 213525627866
13744 12000 427051255732
13744 14000 249683746450
13750 6000 1766087067621
13750 6125 44758976317
13750 9875 44758976317
13750 10000 1766087067621
13754 3996 197043048753
13754 12004 197043048753
13768 2000 1593028326979
13768 4000 1338051745353
13768 6000 669025872679
13768 10000 669025872679
13768 12000 1338051745353
13768 14000 1593028326979
13774 3996 197043048753
13774 12004 197043048753
13780 5080 346795765805
13780 5978 87216718808
13780 10022 87216718808
13780 10920 346795765805
13784 5986 57530819
13784 7986 729773161402
13784 8014 729773161402
13784 10014 57530819
13786 3996 935048371197
13786 12004 935048371197
13792 4904 57530819
13792 6000 248792018782
13792 8000 2040219613957
13792 10000 248792018782
13792 11096 57530819
13794 3998 163847767254
13794 5024 55172053652
13794 10976 55172053652
13794 12002 163847767254
13798 4012 163847767254
13798 4948 401104857196
13798 5978 208836866270
13798 10022 208836866270
13798 11052 401104857196
13798 11988 163847767254
13804 5010 348981936853
13804 10990 348981936853
13810 5980 572949408032
13810 10020 572949408032
13812 5978 741974948829
13812 10022 741974948829
13816 2000 358762175772
13816 4000 691060175649
13816 6000 398199550931
13816 10000 398199550931
13816 12000 691060175649
13816 14000 358762175772
13820 4962 307387156053
13820 5100 317339987419
13820 10900 317339987419
13820 11038 307387156053
13826 4940 469336406338
13826 11060 469336406338
13836 3996 812335138209
13836 5008 538373386922
13836 7008 1120294057731
13836 8992 1120294057731
13836 10992 538373386922
13836 12004 812335138209
13840 2000 936774295711
13840 4000 469336406338
13840 6000 317138629561
13840 10000 317138629561
13840 12000 469336406338
13840 14000 936774295711
13864 2000 57530819
13864 4000 57530819
13864 6000 238695360372
13864 10000 238695360372
13864 12000 57530819
13864 14000 57530819
13875 6000 1494899320326
13875 10000 1494899320326
13888 2000 674663892758
13888 4000 1295536471478
13888 6000 500431813011
13888 10000 500431813011
13888 12000 1295536471478
13888 14000 674663892758
13912 2000 545679800704
13912 4000 674663892758
13912 6000 376913148584
13912 10000 376913148584
13912 12000 674663892758
13912 14000 545679800704
13922 5990 589748406641
13922 10010 589748406641
13936 4000 489011945804
13936 6000 385514005747
13936 10000 385514005747
13936 12000 489011945804
13954 5994 313658015123
13954 10006 313658015123
13960 6000 28765412
13960 10000 28765412
14000 324 282994089579
14000 346 107179912358
14000 534 107870282163
14000 564 379128085044
14000 632 395869552834
14000 660 465309249139
14000 760 764872214056
14000 914 1577552537163
14000 960 1554712802754
14000 1018 11430280282845
14000 1068 4008632277613
14000 1100 3269361277191
14000 1130 1635083354319
14000 1164 9639403475679
14000 1200 8318783567925
14000 1236 7911005135943
14000 1278 7803480038683
14000 1318 7689281366631
14000 1340 3828043042570
14000 1358 5515997217847
14000 1400 2977162256871
14000 1426 8668858590301
14000 1460 8159768389313
14000 1496 9454326836898
14000 1532 3343691092956
14000 1564 11597177183407
14000 1610 10364291771811
14000 1620 8380341542280
14000 1680 22102246864792
14000 1700 3681684643731
14000 1702 4727825022847
14000 1760 14095567979924
14000 1786 8515826616674
14000 1808 5759295043589
14000 1840 4747040315778
14000 1860 1307560412264
14000 1868 5694170158571
14000 1900 12538381352037
14000 1922 11445756072661
14000 1930 8176855042006
14000 1960 13588606419171
14000 1974 10780757357186
14000 1988 15189286344826
14000 2000 4055807547678
14000 2088 545679800704
14000 2112 674663892758
14000 2136 57530819
14000 2160 936774295711
14000 2184 358762175772
14000 2232 1593028326979
14000 2256 249683746450
14000 2280 1226614552527
14000 2304 421585828101
14000 2328 1314291517870
14000 2352 1004545598317
14000 2376 1603383874067
14000 2400 2665863005256
14000 2424 2161547862087
14000 2448 1595272028847
14000 2472 1747671163486
14000 2496 3544876360540
14000 2520 2777185136445
14000 2544 3515363051341
14000 2568 3778969255537
14000 2592 4557073557537
14000 2616 3778969255537
14000 2640 3869292638467
14000 2664 3773733951175
14000 2688 4847891838247
14000 2712 3561732889967
14000 2736 5873493715637
14000 2760 3739790769055
14000 2784 4067773957645
14000 2808 5201763894556
14000 2832 3231275876236
14000 2856 2862503338284
14000 2880 4693709248276
14000 2904 2669372385101
14000 2928 2716432593533
14000 2952 4292892045169
14000 2976 2888622329272
14000 3000 2654874619178
14000 3024 3016283212534
14000 3048 3262227455865
14000 3072 2874929994791
14000 3096 3588887435663
14000 3120 4060467543867
14000 3144 4240021224203
14000 3168 4245256528565
14000 3192 2726673078987
14000 3216 3957544911982
14000 3240 3164712720789
14000 3264 3738870275980
14000 3288 3941436283179
14000 3312 1969682586882
14000 3336 2453114043421
14000 3360 1850421202924
14000 3384 2250548036226
14000 3408 1614084606056
14000 3432 2975723986442
14000 3456 1119031924452
14000 3480 2574504067613
14000 3504 2773733287415
14000 3528 2372225714502
14000 3552 2763205147876
14000 3576 3590383236906
14000 3600 3500922816236
14000 3624 4533428391686
14000 3648 3732944601813
14000 3672 1524969370285
14000 3696 2537971998724
14000 3720 1660972222037
14000 3744 3070074526575
14000 3768 3028939992311
14000 3792 3984469334408
14000 3816 3092338952812
14000 3840 5117596309062
14000 3864 3845014633630
14000 3888 1550110337383
14000 3912 1400300089513
14000 3936 5571456925583
14000 3960 4102062324672
14000 3984 2282995417098
14000 4032 647221692978
14000 4056 871074102520
14000 4080 1022955459806
14000 4104 1725176613980
14000 4128 1363480366536
14000 4152 1000863626021
14000 4176 2467151562808
14000 4200 1072892209096
14000 4224 1900703137116
14000 4248 3050398987109
14000 4272 989817709124
14000 4296 2006157124957
14000 4320 1498160009492
14000 4344 1764700285364
14000 4368 2078876077837
14000 4392 3060754534196
14000 4416 1891210552286
14000 4440 1727650439117
14000 4464 3150962855490
14000 4488 2200035978764
14000 4512 2068635592387
14000 4536 2267634688919
14000 4560 2517491027815
14000 4584 3117019673370
14000 4608 3095100432037
14000 4632 3081638220822
14000 4656 3705617463666
14000 4680 2872456169650
14000 4704 3016225681719
14000 4728 2410368646276
14000 4752 3640147393745
14000 4776 2506445110923
14000 4800 3103672523792
14000 4824 3025373081643
14000 4848 2714994323104
14000 4872 3189393441348
14000 4896 4679499136438
14000 4920 3275344482177
14000 4944 2858648773536
14000 4968 3440745581492
14000 4992 4773101775947
14000 5016 3463757908352
14000 5040 2804339682141
14000 5064 2751066145458
14000 5088 2577783324192
14000 5112 4367969761553
14000 5136 3918308894682
14000 5160 3639744678024
14000 5184 2873721847628
14000 5208 2917042552945
14000 5232 3552873144124
14000 5256 3941896529715
14000 5280 3527904769481
14000 5304 3046486891539
14000 5328 2591935905213
14000 5352 3086413278644
14000 5376 2672363987592
14000 5400 2890405784603
14000 5424 2251238406031
14000 5448 2449432071125
14000 5472 3092338952812
14000 5496 1599701901766
14000 5500 402819591901
14000 5520 3090843151564
14000 5544 3246291419513
14000 5568 1303360662610
14000 5592 3855945488889
14000 5616 1338109276172
14000 5640 2499138697145
14000 5664 1598436223793
14000 5688 1866472300909
14000 5712 1449258814914
14000 5736 1385342077055
14000 5750 5405188044031
14000 5760 2413245187134
14000 5784 1315039418493
14000 5808 1242377996428
14000 5832 1149465726727
14000 5856 1648545565530
14000 5875 6519838189907
14000 5880 790991205044
14000 5904 1587275245263
14000 5928 3106779187916
14000 5952 1333679403252
14000 5976 2038086728475
14000 6000 3921270212695
14000 6125 8042679322384
14000 6250 10953408663590
14000 6375 14440222405733
14000 6500 11880947607116
14000 6625 14551976605159
14000 6750 16574499045658
14000 6875 15866362172492
14000 7000 5863631808668
14000 7016 5191044794699
14000 7064 2424524523905
14000 7088 1282633623130
14000 7112 1282633623130
14000 7125 929870598585
14000 7136 376400695473
14000 7208 929870598585
14000 7232 1282633623130
14000 7250 2965294210365
14000 7256 3144667801094
14000 7280 2116802307020
14000 7304 621592747102
14000 7328 817912031014
14000 7352 1132261935524
14000 7400 4433457303532
14000 7448 1122023528070
14000 7472 2354475299442
14000 7496 5223992576900
14000 7520 685073088714
14000 7568 1888152900406
14000 7640 1305239217654
14000 7664 2363121489106
14000 7750 8067354627397
14000 7784 1614394680759
14000 7808 214886554889
14000 7832 2819373181489
14000 7856 3013710401828
14000 7904 3404364015060
14000 7952 148693651999
14000 7976 4072788960540
14000 8000 666839702294
14000 8024 4072788960540
14000 8048 148693651999
14000 8096 3404364015060
14000 8144 3013710401828
14000 8168 2819373181489
14000 8192 214886554889
14000 8216 1614394680759
14000 8250 8067354627397
14000 8336 2363121489106
14000 8360 1305239217654
14000 8432 1888152900406
14000 8480 685073088714
14000 8504 5223992576900
14000 8528 2354475299442
14000 8552 1122023528070
14000 8600 4433457303532
14000 8648 1132261935524
14000 8672 817912031014
14000 8696 621592747102
14000 8720 2116802307020
14000 8744 3144667801094
14000 8750 2965294210365
14000 8768 1282633623130
14000 8792 929870598585
14000 8864 376400695473
14000 8875 929870598585
14000 8888 1282633623130
14000 8912 1282633623130
14000 8936 2424524523905
14000 8984 5191044794699
14000 9000 5863631808668
14000 9125 15866362172492
14000 9250 16574499045658
14000 9375 14551976605159
14000 9500 11880947607116
14000 9625 14440222405733
14000 9750 10953408663590
14000 9875 8042679322384
14000 10000 3921270212695
14000 10024 2038086728475
14000 10048 1333679403252
14000 10072 3106779187916
14000 10096 1587275245263
14000 10120 790991205044
14000 10125 6519838189907
14000 10144 1648545565530
14000 10168 1149465726727
14000 10192 1242377996428
14000 10216 1315039418493
14000 10240 2413245187134
14000 10250 5405188044031
14000 10264 1385342077055
14000 10288 1449258814914
14000 10312 1866472300909
14000 10336 1598436223793
14000 10360 2499138697145
14000 10384 1338109276172
14000 10408 3855945488889
14000 10432 1303360662610
14000 10456 3246291419513
14000 10480 3090843151564
14000 10500 402819591901
14000 10504 1599701901766
14000 10528 3092338952812
14000 10552 2449432071125
14000 10576 2251238406031
14000 10600 2890405784603
14000 10624 2672363987592
14000 10648 3086413278644
14000 10672 2591935905213
14000 10696 3046486891539
14000 10720 3527904769481
14000 10744 3941896529715
14000 10768 3552873144124
14000 10792 2917042552945
14000 10816 2873721847628
14000 10840 3639744678024
14000 10864 3918308894682
14000 10888 4367969761553
14000 10912 2577783324192
14000 10936 2751066145458
14000 10960 2804339682141
14000 10984 3463757908352
14000 11008 4773101775947
14000 11032 3440745581492
14000 11056 2858648773536
14000 11080 3275344482177
14000 11104 4679499136438
14000 11128 3189393441348
14000 11152 2714994323104
14000 11176 3025373081643
14000 11200 3103672523792
14000 11224 2506445110923
14000 11248 3640147393745
14000 11272 2410368646276
14000 11296 3016225681719
14000 11320 2872456169650
14000 11344 3705617463666
14000 11368 3081638220822
14000 11392 3095100432037
14000 11416 3117019673370
14000 11440 2517491027815
14000 11464 2267634688919
14000 11488 2068635592387
14000 11512 2200035978764
14000 11536 3150962855490
14000 11560 1727650439117
14000 11584 1891210552286
14000 11608 3060754534196
14000 11632 2078876077837
14000 11656 1764700285364
14000 11680 1498160009492
14000 11704 2006157124957
14000 11728 989817709124
14000 11752 3050398987109
14000 11776 1900703137116
14000 11800 1072892209096
14000 11824 2467151562808
14000 11848 1000863626021
14000 11872 1363480366536
14000 11896 1725176613980
14000 11920 1022955459806
14000 11944 871074102520
14000 11968 647221692978
14000 12016 2282995417098
14000 12040 4102062324672
14000 12064 5571456925583
14000 12088 1400300089513
14000 12112 1550110337383
14000 12136 3845014633630
14000 12160 5117596309062
14000 12184 3092338952812
14000 12208 3984469334408
14000 12232 3028939992311
14000 12256 3070074526575
14000 12280 1660972222037
14000 12304 2537971998724
14000 12328 1524969370285
14000 12352 3732944601813
14000 12376 4533428391686
14000 12400 3500922816236
14000 12424 3590383236906
14000 12448 2763205147876
14000 12472 2372225714502
14000 12496 2773733287415
14000 12520 2574504067613
14000 12544 1119031924452
14000 12568 2975723986442
14000 12592 1614084606056
14000 12616 2250548036226
14000 12640 1850421202924
14000 12664 2453114043421
14000 12688 1969682586882
14000 12712 3941436283179
14000 12736 3738870275980
14000 12760 3164712720789
14000 12784 3957544911982
14000 12808 2726673078987
14000 12832 4245256528565
14000 12856 4240021224203
14000 12880 4060467543867
14000 12904 3588887435663
14000 12928 2874929994791
14000 12952 3262227455865
14000 12976 3016283212534
14000 13000 2654874619178
14000 13024 2888622329272
14000 13048 4292892045169
14000 13072 2716432593533
14000 13096 2669372385101
14000 13120 4693709248276
14000 13144 2862503338284
14000 13168 3231275876236
14000 13192 5201763894556
14000 13216 4067773957645
14000 13240 3739790769055
14000 13264 5873493715637
14000 13288 3561732889967
14000 13312 4847891838247
14000 13336 3773733951175
14000 13360 3869292638467
14000 13384 3778969255537
14000 13408 4557073557537
14000 13432 3778969255537
14000 13456 3515363051341
14000 13480 2777185136445
14000 13504 3544876360540
14000 13528 1747671163486
14000 13552 1595272028847
14000 13576 2161547862087
14000 13600 2665863005256
14000 13624 1603383874067
14000 13648 1004545598317
14000 13672 1314291517870
14000 13696 421585828101
14000 13720 1226614552527
14000 13744 249683746450
14000 13768 1593028326979
14000 13816 358762175772
14000 13840 936774295711
14000 13864 57530819
14000 13888 674663892758
14000 13912 545679800704
14000 14000 4055807547678
14000 14012 15189286344826
14000 14026 10780757357186
14000 14040 13588606419171
14000 14070 8176855042006
14000 14078 11445756072661
14000 14100 12538381352037
14000 14132 5694170158571
14000 14140 1307560412264
14000 14160 4747040315778
14000 14192 5759295043589
14000 14214 8515826616674
14000 14240 14095567979924
14000 14298 4727825022847
14000 14300 3681684643731
14000 14320 22102246864792
14000 14380 8380341542280
14000 14390 10364291771811
14000 14436 11597177183407
14000 14468 3343691092956
14000 14504 9454326836898
14000 14540 8159768389313
14000 14574 8668858590301
14000 14600 2977162256871
14000 14642 5515997217847
14000 14660 3828043042570
14000 14682 7689281366631
14000 14722 7803480038683
14000 14764 7911005135943
14000 14800 8318783567925
14000 14836 9639403475679
14000 14870 1635083354319
14000 14900 3269361277191
14000 14932 4008632277613
14000 14982 11430280282845
14000 15040 1554712802754
14000 15086 1577552537163
14000 15240 764872214056
14000 15340 465309249139
14000 15368 395869552834
14000 15436 379128085044
14000 15466 107870282163
14000 15654 107179912358
14000 15676 282994089579
14002 1998 7292088605006
14002 2584 775170230325
14002 3190 1265562915743
14002 3396 1403119099557
14002 3668 1276954017538
14002 3998 7288924410063
14002 4000 56667854900
14002 4170 57530819
14002 4848 773616898263
14002 5152 40386633645
14002 5366 640375525736
14002 5930 57530819
14002 7152 3365116986287
14002 8848 3365116986287
14002 10070 57530819
14002 10634 640375525736
14002 10848 40386633645
14002 11152 773616898263
14002 11830 57530819
14002 12000 56667854900
14002 12002 7288924410063
14002 12332 1276954017538
14002 12604 1403119099557
14002 12810 1265562915743
14002 13416 775170230325
14002 14002 7292088605006
14004 3992 2126108878720
14004 6000 666839701626
14004 10000 666839701626
14004 12008 2126108878720
14006 3716 125877427935
14006 5976 1018813240970
14006 10024 1018813240970
14006 12284 125877427935
14008 2716 716086081111
14008 3926 714302625779
14008 5956 1436774627588
14008 10044 1436774627588
14008 12074 714302625779
14008 13284 716086081111
14010 2832 1052238645736
14010 3580 1639973473774
14010 3974 1495973838439
14010 12026 1495973838439
14010 12420 1639973473774
14010 13168 1052238645736
14012 2000 15189286344826
14012 3460 101254238191
14012 3980 57530819
14012 4220 270682494709
14012 11780 270682494709
14012 12020 57530819
14012 12540 101254238191
14012 14000 15189286344826
14014 4714 253998557733
14014 5960 1304511278955
14014 10040 1304511278955
14014 11286 253998557733
14016 4100 1439593637632
14016 11900 1439593637632
14018 5928 1107583291839
14018 10072 1107583291839
14020 2968 1022092497549
14020 3460 1169659043548
14020 3912 1555115518475
14020 3936 57530819
14020 4000 15189286344826
14020 4140 38085400960
14020 6000 7412414309083
14020 8000 7412414316496
14020 10000 7412414309083
14020 11860 38085400960
14020 12000 15189286344826
14020 12064 57530819
14020 12088 1555115518475
14020 12540 1169659043548
14020 13032 1022092497549
14022 3442 663330321781
14022 4202 57530819
14022 4684 683408576969
14022 4848 154700367330
14022 5856 774422329705
14022 10144 774422329705
14022 11152 154700367330
14022 11316 683408576969
14022 11798 57530819
14022 12558 663330321781
14024 3290 894374083468
14024 4146 1013923121515
14024 5860 57530819
14024 10140 57530819
14024 11854 1013923121515
14024 12710 894374083468
14026 2000 10780757357186
14026 3234 57530819
14026 3870 4962263102746
14026 4180 774940107059
14026 5936 559717320087
14026 7936 3821196717889
14026 8064 3821196717889
14026 10064 559717320087
14026 11820 774940107059
14026 12130 4962263102746
14026 12766 57530819
14026 14000 10780757357186
14028 3646 1662928269820
14028 5872 535094130347
14028 7872 148693651999
14028 8128 148693651999
14028 10128 535094130347
14028 12354 1662928269820
14030 2840 1749109433915
14030 3778 1021517189377
14030 3890 57530819
14030 12110 57530819
14030 12222 1021517189377
14030 13160 1749109433915
14032 3370 36417007261
14032 5354 638937255307
14032 7354 1160127655200
14032 8646 1160127655200
14032 10646 638937255307
14032 12630 36417007261
14034 3208 57530819
14034 4238 341445399806
14034 4560 223507224644
14034 5844 317339987419
14034 5860 565182747719
14034 10140 565182747719
14034 10156 317339987419
14034 11440 223507224644
14034 11762 341445399806
14034 12792 57530819
14036 3336 745656921125
14036 3350 864688181817
14036 4864 57530819
14036 5056 584340509827
14036 5400 545737331518
14036 10600 545737331518
14036 10944 584340509827
14036 11136 57530819
14036 12650 864688181817
14036 12664 745656921125
14038 3392 1596422645191
14038 5830 1415258101976
14038 5896 682200429806
14038 5900 57530819
14038 7830 559717320648
14038 8170 559717320648
14038 10100 57530819
14038 10104 682200429806
14038 10170 1415258101976
14038 12608 1596422645191
14040 2000 13588606419171
14040 2880 928719981309
14040 3120 175526523137
14040 3402 201357860040
14040 4000 18284847023398
14040 4936 597342474507
14040 5190 267460768948
14040 5302 648544901770
14040 5796 404901891129
14040 6000 9495317544118
14040 7190 1602903639551
14040 7302 1678436655125
14040 8000 9495317553614
14040 8698 1678436655125
14040 8810 1602903639551
14040 10000 9495317544118
14040 10204 404901891129
14040 10698 648544901770
14040 10810 267460768948
14040 11064 597342474507
14040 12000 18284847023398
14040 12598 201357860040
14040 12880 175526523137
14040 13120 928719981309
14040 14000 13588606419171
14042 3180 336957996071
14042 3238 433839892156
14042 5374 703084116435
14042 7374 4399208999678
14042 8626 4399208999678
14042 10626 703084116435
14042 12762 433839892156
14042 12820 336957996071
14044 3282 57530819
14044 4000 1187493596864
14044 4776 436831494647
14044 11224 436831494647
14044 12000 1187493596864
14044 12718 57530819
14046 3608 63398960505
14046 5776 427051255732
14046 7776 6944165872782
14046 8224 6944165872782
14046 10224 427051255732
14046 12392 63398960505
14048 4650 504372673988
14048 5700 114141141233
14048 10300 114141141233
14048 11350 504372673988
14050 4258 864342996915
14050 4686 57530819
14050 5720 57530819
14050 10280 57530819
14050 11314 57530819
14050 11742 864342996915
14052 5066 548096095022
14052 10934 548096095022
14054 5396 452019630375
14054 10604 452019630375
14056 4560 125647304665
14056 5286 588597790300
14056 5344 47060208432
14056 5440 587677297225
14056 7440 1266654948383
14056 8560 1266654948383
14056 10560 587677297225
14056 10656 47060208432
14056 10714 588597790300
14056 11440 125647304665
14058 4966 102404854536
14058 5008 604476295833
14058 5164 57530819
14058 10836 57530819
14058 10992 604476295833
14058 11034 102404854536
14060 3688 15475789817
14060 4742 57530819
14060 5114 995513260026
14060 5870 1081521831670
14060 7870 4463212033818
14060 8130 4463212033818
14060 10130 1081521831670
14060 10886 995513260026
14060 11258 57530819
14060 12312 15475789817
14062 3218 508745016089
14062 3256 57530819
14062 4000 4161146473885
14062 4916 1048556673439
14062 11084 1048556673439
14062 12000 4161146473885
14062 12744 57530819
14062 12782 508745016089
14064 4812 154527774878
14064 5044 152801850361
14064 10956 152801850361
14064 11188 154527774878
14066 4594 351858477711
14066 5738 1034806808140
14066 6000 1890922898198
14066 10000 1890922898198
14066 10262 1034806808140
14066 11406 351858477711
14068 2938 681510060000
14068 3450 600449138631
14068 12550 600449138631
14068 13062 681510060000
14070 2000 8176855042006
14070 5098 696640664914
14070 5748 598262967582
14070 10252 598262967582
14070 10902 696640664914
14070 14000 8176855042006
14072 5374 427051255732
14072 6000 356230819817
14072 8000 2247153720262
14072 10000 356230819817
14072 10626 427051255732
14076 2832 976413028728
14076 4552 351570823627
14076 5348 401967819453
14076 10652 401967819453
14076 11448 351570823627
14076 13168 976413028728
14078 2000 11445756072661
14078 4000 18672029422839
14078 5282 176562077845
14078 6000 9561046502716
14078 8000 9561046512277
14078 10000 9561046502716
14078 10718 176562077845
14078 12000 18672029422839
14078 14000 11445756072661
14080 3496 79104873587
14080 5656 1025774469845
14080 10344 1025774469845
14080 12504 79104873587
14082 3620 1229433562571
14082 4912 852721771850
14082 4976 934127878122
14082 5132 847601529125
14082 10868 847601529125
14082 11024 934127878122
14082 11088 852721771850
14082 12380 1229433562571
14084 4638 398458439608
14084 11362 398458439608
14086 2862 1001841649910
14086 13138 1001841649910
14090 3648 900644942538
14090 4520 737372483458
14090 11480 737372483458
14090 12352 900644942538
14092 3676 911115551258
14092 5574 289264948649
14092 10426 289264948649
14092 12324 911115551258
14094 2888 867852376760
14094 3520 911058020444
14094 4868 552065721407
14094 11132 552065721407
14094 12480 911058020444
14094 13112 867852376760
14096 3620 336670341983
14096 12380 336670341983
14098 5496 448912966252
14098 7496 393769678397
14098 8504 393769678397
14098 10504 448912966252
14100 2000 12538381352037
14100 4000 12147344387845
14100 6000 6085322184397
14100 8000 6085322190482
14100 10000 6085322184397
14100 12000 12147344387845
14100 14000 12538381352037
14102 5292 280750387712
14102 10708 280750387712
14104 4598 57530819
14104 5506 467207766104
14104 7506 5979478847227
14104 8494 5979478847227
14104 10494 467207766104
14104 11402 57530819
14108 2840 466057149763
14108 13160 466057149763
14110 5402 57530819
14110 10598 57530819
14112 4566 197503295289
14112 5588 535266722798
14112 10412 535266722798
14112 11434 197503295289
14120 2916 1190657791806
14120 4618 57530819
14120 11382 57530819
14120 13084 1190657791806
14124 4000 2033311670653
14124 12000 2033311670653
14125 5750 2467339894295
14125 5875 12282420848657
14125 6000 43748855164561
14125 6125 7330433485737
14125 6250 9600112999330
14125 6375 4609030639439
14125 6500 6445180856612
14125 6875 9045469634546
14125 7000 6532531339269
14125 7500 1166083386172
14125 7750 11381779962030
14125 7875 8539879287843
14125 8000 26322301971858
14125 8125 8539879287843
14125 8250 11381779962030
14125 8500 1166083386172
14125 9000 6532531339269
14125 9125 9045469634546
14125 9500 6445180856612
14125 9625 4609030639439
14125 9750 9600112999330
14125 9875 7330433485737
14125 10000 43748855164561
14125 10125 12282420848657
14125 10250 2467339894295
14128 2890 747958153815
14128 4528 486480589853
14128 11472 486480589853
14128 13110 747958153815
14132 2000 5694170158571
14132 14000 5694170158571
14134 4000 4116445028958
14134 5504 92509553984
14134 6000 2930188344664
14134 8000 11763222839253
14134 10000 2930188344664
14134 10496 92509553984
14134 12000 4116445028958
14136 5486 438384826709
14136 10514 438384826709
14138 5280 57530819
14138 5454 81693760361
14138 7280 4069368391191
14138 8720 4069368391191
14138 10546 81693760361
14138 10720 57530819
14140 2000 1307560412264
14140 2962 2251986306655
14140 4860 508169707917
14140 5020 423369283432
14140 5430 221608707675
14140 5520 678230803421
14140 10480 678230803421
14140 10570 221608707675
14140 10980 423369283432
14140 11140 508169707917
14140 13038 2251986306655
14140 14000 1307560412264
14142 4824 366643897722
14142 5256 892418035685
14142 10744 892418035685
14142 11176 366643897722
14144 4906 467898135909
14144 5096 56207608360
14144 10904 56207608360
14144 11094 467898135909
14146 2822 759579378880
14146 5350 155735922038
14146 10650 155735922038
14146 13178 759579378880
14148 5042 729835946410
14148 10958 729835946410
14150 5202 409734479770
14150 7202 1317081763237
14150 8798 1317081763237
14150 10798 409734479770
14154 5562 753826297164
14154 10438 753826297164
14156 2850 556898310047
14156 2904 443677661890
14156 13096 443677661890
14156 13150 556898310047
14158 2762 465079125869
14158 13238 465079125869
14160 2000 4747040315778
14160 4984 534461291356
14160 11016 534461291356
14160 14000 4747040315778
14162 4616 255264235711
14162 4746 1137556847574
14162 5400 540559557975
14162 10600 540559557975
14162 11254 1137556847574
14162 11384 255264235711
14166 5316 592509885866
14166 10684 592509885866
14170 3096 71683398177
14170 3130 2359511403911
14170 5370 324071093029
14170 5430 741974948829
14170 10570 741974948829
14170 10630 324071093029
14170 12870 2359511403911
14170 12904 71683398177
14172 3188 354044648764
14172 4000 7444545270464
14172 5112 167989986089
14172 5486 335922441360
14172 6000 3535297479484
14172 7112 5232355351084
14172 8888 5232355351084
14172 10000 3535297479484
14172 10514 335922441360
14172 10888 167989986089
14172 12000 7444545270464
14172 12812 354044648764
14176 2934 202968722921
14176 4890 213381800822
14176 11110 213381800822
14176 13066 202968722921
14182 3046 1602175726907
14182 12954 1602175726907
14184 2896 483661579809
14184 4510 14555296742
14184 4560 512599580841
14184 11440 512599580841
14184 11490 14555296742
14184 13104 483661579809
14186 4470 411517935102
14186 5148 57530819
14186 5494 117075212910
14186 7148 1889637139013
14186 8852 1889637139013
14186 10506 117075212910
14186 10852 57530819
14186 11530 411517935102
14188 4420 1011852012095
14188 11580 1011852012095
14190 4820 33770589673
14190 11180 33770589673
14192 2000 5759295043589
14192 2840 338741451403
14192 5478 2416294323
14192 5506 294730376281
14192 10494 294730376281
14192 10522 2416294323
14192 13160 338741451403
14192 14000 5759295043589
14194 3480 57530819
14194 4982 651881689168
14194 5234 630019978649
14194 5444 406052507470
14194 7234 3958374676978
14194 7444 3403704740885
14194 8556 3403704740885
14194 8766 3958374676978
14194 10556 406052507470
14194 10766 630019978649
14194 11018 651881689168
14194 12520 57530819
14196 4946 891670135062
14196 5044 26061460174
14196 10956 26061460174
14196 11054 891670135062
14198 3520 1005868807113
14198 4000 2099932356918
14198 4466 57530819
14198 4680 428144341259
14198 11320 428144341259
14198 11534 57530819
14198 12000 2099932356918
14198 12480 1005868807113
14200 2840 578472366478
14200 2966 1183811624568
14200 4000 1487919524038
14200 4894 87159187989
14200 6000 1657980619546
14200 8000 9542128157733
14200 10000 1657980619546
14200 11106 87159187989
14200 12000 1487919524038
14200 13034 1183811624568
14200 13160 578472366478
14202 4624 938787874312
14202 4754 57530819
14202 11246 57530819
14202 11376 938787874312
14206 4998 12081471605
14206 5032 956622427628
14206 5492 80370551565
14206 10508 80370551565
14206 10968 956622427628
14206 11002 12081471605
14208 3186 210332667517
14208 12814 210332667517
14210 2982 567023733865
14210 3080 1110920079232
14210 5218 210102544247
14210 5528 346450580898
14210 7528 2012711044589
14210 8472 2012711044589
14210 10472 346450580898
14210 10782 210102544247
14210 12920 1110920079232
14210 13018 567023733865
14212 5290 605281727271
14212 5398 540041780621
14212 7290 4179038562204
14212 7398 1749988279042
14212 8602 1749988279042
14212 8710 4179038562204
14212 10602 540041780621
14212 10710 605281727271
14214 2000 8515826616674
14214 2950 336670341983
14214 4000 5893629501643
14214 5254 549994611987
14214 6000 3020051481060
14214 8000 3518929965536
14214 10000 3020051481060
14214 10746 549994611987
14214 12000 5893629501643
14214 13050 336670341983
14214 14000 8515826616674
14218 5080 1047060872192
14218 7080 2574789666766
14218 8920 2574789666766
14218 10920 1047060872192
14220 2888 412495958991
14220 3194 1101139840318
14220 12806 1101139840318
14220 13112 412495958991
14222 5268 270912617978
14222 10732 270912617978
14224 4404 1084973680696
14224 11596 1084973680696
14226 2856 814751432527
14226 4502 254746458357
14226 11498 254746458357
14226 13144 814751432527
14228 5352 512426988385
14228 10648 512426988385
14230 3124 598550621666
14230 12876 598550621666
14232 2900 1532966153872
14232 13100 1532966153872
14234 3002 1110517363515
14234 4914 477160597474
14234 5004 445403586403
14234 10996 445403586403
14234 11086 477160597474
14234 12998 1110517363515
14236 4634 895754823079
14236 5502 945461449099
14236 7502 2116238287877
14236 8498 2116238287877
14236 10498 945461449099
14236 11366 895754823079
14240 2000 14095567979924
14240 3134 1972271473652
14240 4000 9593033637052
14240 4440 351858477711
14240 4942 146588522110
14240 5102 1257451070523
14240 6000 4671818772350
14240 8000 6365994058128
14240 10000 4671818772350
14240 10898 1257451070523
14240 11058 146588522110
14240 11560 351858477711
14240 12000 9593033637052
14240 12866 1972271473652
14240 14000 14095567979924
14242 4848 241341777960
14242 11152 241341777960
14244 4746 123691256882
14244 4940 880163971630
14244 5188 701588315188
14244 5440 766252953667
14244 10560 766252953667
14244 10812 701588315188
14244 11060 880163971630
14244 11254 123691256882
14248 3208 469336406338
14248 4000 554769669813
14248 12000 554769669813
14248 12792 469336406338
14250 3274 624094304481
14250 6000 14718914384352
14250 6500 2492696031093
14250 6750 16621247445952
14250 7000 2314621587595
14250 9000 2314621587595
14250 9250 16621247445952
14250 9500 2492696031093
14250 10000 14718914384352
14250 12726 624094304481
14252 4454 628639239038
14252 4738 57530819
14252 6000 656023908004
14252 10000 656023908004
14252 11262 57530819
14252 11546 628639239038
14254 3160 717639413173
14254 5478 1026522370469
14254 7478 2316231530593
14254 8522 2316231530593
14254 10522 1026522370469
14254 12840 717639413173
14262 4000 1202624201778
14262 4806 823438585920
14262 5024 534806476259
14262 10976 534806476259
14262 11194 823438585920
14262 12000 1202624201778
14272 5124 374755742939
14272 10876 374755742939
14274 4504 448855435433
14274 11496 448855435433
14276 2948 620469863000
14276 4980 187492933104
14276 5060 328616027582
14276 10940 328616027582
14276 11020 187492933104
14276 13052 620469863000
14278 3280 624094304481
14278 4900 949718729572
14278 11100 949718729572
14278 12720 624094304481
14280 3026 413704106150
14280 4580 1180992614528
14280 4622 1476988668782
14280 4944 912956537408
14280 5378 717581882354
14280 10622 717581882354
14280 11056 912956537408
14280 11378 1476988668782
14280 11420 1180992614528
14280 12974 413704106150
14286 4000 7606436989930
14286 6000 3948311215829
14286 8000 8448871127755
14286 10000 3948311215829
14286 12000 7606436989930
14288 5268 89000174139
14288 10732 89000174139
14292 5042 47060208432
14292 10958 47060208432
14296 4648 294327660559
14296 11352 294327660559
14298 2000 4727825022847
14298 3126 488896884171
14298 12874 488896884171
14298 14000 4727825022847
14300 2000 3681684643731
14300 4726 659360695397
14300 5018 470717145952
14300 10982 470717145952
14300 11274 659360695397
14300 14000 3681684643731
14304 2982 1444253633822
14304 13018 1444253633822
14308 5366 497584037560
14308 7366 471910091447
14308 8634 471910091447
14308 10634 497584037560
14310 4000 7236283712367
14310 4770 756012468216
14310 4808 282936558764
14310 6000 3670005887847
14310 8000 11361169366359
14310 10000 3670005887847
14310 11192 282936558764
14310 11230 756012468216
14310 12000 7236283712367
14312 3266 458520612715
14312 12734 458520612715
14314 4848 1141699066410
14314 11152 1141699066410
14316 3304 822805746929
14316 4526 613336041673
14316 11474 613336041673
14316 12696 822805746929
14320 2000 22102246864792
14320 4000 11741924719366
14320 6000 6009381505756
14320 8000 1663733702922
14320 10000 6009381505756
14320 12000 11741924719366
14320 14000 22102246864792
14322 4920 78241911331
14322 11080 78241911331
14328 4566 955471811284
14328 11434 955471811284
14332 5074 74272284947
14332 5116 64894761753
14332 10884 64894761753
14332 10926 74272284947
14334 5002 1013290282524
14334 10998 1013290282524
14336 4660 1538834297221
14336 11340 1538834297221
14338 4898 1194915072279
14338 5094 569382497369
14338 10906 569382497369
14338 11102 1194915072279
14340 4860 659015510494
14340 4940 152801850361
14340 5440 531527219683
14340 10560 531527219683
14340 11060 152801850361
14340 11140 659015510494
14342 4722 441491490837
14342 11278 441491490837
14360 4000 9631291630459
14360 5020 525198829795
14360 5106 495282804874
14360 6000 5114460879527
14360 8000 404901891535
14360 10000 5114460879527
14360 10894 495282804874
14360 10980 525198829795
14360 12000 9631291630459
14362 4674 250028931353
14362 11326 250028931353
14368 4850 57530819
14368 5050 1121333157138
14368 10950 1121333157138
14368 11150 57530819
14374 4712 114313733685
14374 11288 114313733685
14378 5432 87216718808
14378 10568 87216718808
14380 2000 8380341542280
14380 4618 1800426922815
14380 5010 77781664795
14380 5414 415487561482
14380 10586 415487561482
14380 10990 77781664795
14380 11382 1800426922815
14380 14000 8380341542280
14382 5014 89057704958
14382 10986 89057704958
14384 4000 9060585924298
14384 6000 4338801637256
14384 8000 1202285060728
14384 10000 4338801637256
14384 12000 9060585924298
14390 2000 10364291771811
14390 14000 10364291771811
14400 4000 5314869481081
14400 6000 2621966991766
14400 8000 4876942745778
14400 10000 2621966991766
14400 12000 5314869481081
14408 5368 724543111234
14408 10632 724543111234
14410 5428 497584037560
14410 10572 497584037560
14422 5336 337130588523
14422 10664 337130588523
14424 6000 2447533554156
14424 8000 454294258120
14424 10000 2447533554156
14426 4000 5142334560435
14426 12000 5142334560435
14428 5214 508745016089
14428 7214 4304422311619
14428 8786 4304422311619
14428 10786 508745016089
14432 6000 261736452643
14432 10000 261736452643
14436 2000 11597177183407
14436 14000 11597177183407
14440 4000 5169604167768
14440 6000 2374728305051
14440 8000 18442077404135
14440 10000 2374728305051
14440 12000 5169604167768
14448 5268 1025716939031
14448 10732 1025716939031
14450 5308 57530819
14450 10692 57530819
14458 5288 10470608725
14458 10712 10470608725
14462 4000 2846797425202
14462 6000 1694771577112
14462 8000 3053975718552
14462 10000 1694771577112
14462 12000 2846797425202
14468 2000 3343691092956
14468 14000 3343691092956
14472 4000 888045693580
14472 12000 888045693580
14492 5180 57530819
14492 10820 57530819
14500 4000 8201478231750
14500 5240 43378236136
14500 6000 18045916033489
14500 6250 1000575971933
14500 6500 14824377715
14500 6750 1494204833928
14500 7000 1244190217454
14500 7750 416742656954
14500 8000 619362815083
14500 8250 416742656954
14500 9000 1244190217454
14500 9250 1494204833928
14500 9500 14824377715
14500 9750 1000575971933
14500 10000 18045916033489
14500 10760 43378236136
14500 12000 8201478231750
14504 2000 9454326836898
14504 14000 9454326836898
14512 5404 495455397326
14512 10596 495455397326
14518 4000 3617537782606
14518 6000 2011421194726
14518 8000 4302085457515
14518 10000 2011421194726
14518 12000 3617537782606
14520 5380 99298190408
14520 10620 99298190408
14536 5376 57530819
14536 10624 57530819
14540 2000 8159768389313
14540 4000 5397771388597
14540 5534 90093259666
14540 6000 2995888537855
14540 7534 1492300005413
14540 8000 705224280075
14540 8466 1492300005413
14540 10000 2995888537855
14540 10466 90093259666
14540 12000 5397771388597
14540 14000 8159768389313
14550 5528 424174714874
14550 7528 2255253309340
14550 8472 2255253309340
14550 10472 424174714874
14562 4000 2077322745775
14562 12000 2077322745775
14570 6000 1053389262080
14570 8000 2170785442737
14570 10000 1053389262080
14574 2000 8668858590301
14574 14000 8668858590301
14586 4000 1041883098648
14586 12000 1041883098648
14594 4000 1064952956327
14594 12000 1064952956327
14596 5446 1663733701258
14596 10554 1663733701258
14598 5476 536359808324
14598 10524 536359808324
14600 2000 2977162256871
14600 6000 853153252978
14600 8000 17162310310682
14600 10000 853153252978
14600 14000 2977162256871
14630 6000 127632117856
14630 10000 127632117856
14636 4000 14926485572073
14636 6000 6924437917987
14636 10000 6924437917987
14636 12000 14926485572073
14642 2000 5515997217847
14642 14000 5515997217847
14654 6000 611408759301
14654 8000 7663478802806
14654 10000 611408759301
14660 2000 3828043042570
14660 4000 2106778524156
14660 12000 2106778524156
14660 14000 3828043042570
14680 6000 813313162098
14680 10000 813313162098
14682 2000 7689281366631
14682 14000 7689281366631
14700 4000 7920210066685
14700 6000 3884193120111
14700 10000 3884193120111
14700 12000 7920210066685
14722 2000 7803480038683
14722 14000 7803480038683
14736 4000 2277702581922
14736 6000 921614925390
14736 8000 2275392473079
14736 10000 921614925390
14736 12000 2277702581922
14750 6000 22706866988232
14750 6250 543729964285
14750 6500 1891210552286
14750 7500 1400665158307
14750 8000 22480052185781
14750 8500 1400665158307
14750 9500 1891210552286
14750 9750 543729964285
14750 10000 22706866988232
14760 4000 5542806578640
14760 6000 2969453127372
14760 10000 2969453127372
14760 12000 5542806578640
14764 2000 7911005135943
14764 14000 7911005135943
14788 4000 1004775721587
14788 12000 1004775721587
14800 2000 8318783567925
14800 4000 10307048608743
14800 6000 5917533556171
14800 8000 68231549219
14800 10000 5917533556171
14800 12000 10307048608743
14800 14000 8318783567925
14834 6000 1572691183115
14834 10000 1572691183115
14836 2000 9639403475679
14836 4000 9927345215531
14836 6000 3464563339794
14836 10000 3464563339794
14836 12000 9927345215531
14836 14000 9639403475679
14870 2000 1635083354319
14870 14000 1635083354319
14892 4000 2106778524156
14892 12000 2106778524156
14900 2000 3269361277191
14900 6000 1749569680455
14900 8000 6701685231558
14900 10000 1749569680455
14900 14000 3269361277191
14922 4000 3499139360905
14922 12000 3499139360905
14932 2000 4008632277613
14932 14000 4008632277613
14940 4000 1769360281554
14940 6000 1819268265433
14940 10000 1819268265433
14940 12000 1769360281554
14966 4000 885801991713
14966 12000 885801991713
14980 4000 10329830812337
14980 6000 5172940955161
14980 8000 1373253975941
14980 10000 5172940955161
14980 12000 10329830812337
14982 2000 11430280282845
14982 14000 11430280282845
15000 6000 3335873532716
15000 8000 8115606814759
15000 10000 3335873532716
15040 2000 1554712802754
15040 14000 1554712802754
15072 4000 1627201632369
15072 6000 907347282737
15072 10000 907347282737
15072 12000 1627201632369
15080 3976 1208377283490
15080 12024 1208377283490
15086 2000 1577552537163
15086 14000 1577552537163
15125 5875 2835109790889
15125 7875 10884318559345
15125 8125 10884318559345
15125 10125 2835109790889
15140 4000 679784135487
15140 6000 380422528429
15140 10000 380422528429
15140 12000 679784135487
15200 4000 142043587553
15200 6000 303705183753
15200 8000 3506601792588
15200 10000 303705183753
15200 12000 142043587553
15240 2000 764872214056
15240 14000 764872214056
15250 5875 210185384519
15250 6000 6078848843414
15250 10000 6078848843414
15250 10125 210185384519
15300 4000 858589915199
15300 6000 615982459265
15300 10000 615982459265
15300 12000 858589915199
15340 2000 465309249139
15340 14000 465309249139
15368 2000 395869552834
15368 14000 395869552834
15380 4000 829766975804
15380 6000 28765412
15380 10000 28765412
15380 12000 829766975804
15436 2000 379128085044
15436 14000 379128085044
15466 2000 107870282163
15466 14000 107870282163
15654 2000 107179912358
15654 14000 107179912358
15676 2000 282994089579
15676 14000 282994089579
